/*
 Navicat Premium Data Transfer

 Source Server         : localhost_3306_1
 Source Server Type    : MySQL
 Source Server Version : 80035
 Source Host           : localhost:3306
 Source Schema         : ry-cloud

 Target Server Type    : MySQL
 Target Server Version : 80035
 File Encoding         : 65001

 Date: 06/07/2024 16:03:18
*/

SET NAMES utf8mb4;
SET FOREIGN_KEY_CHECKS = 0;

-- ----------------------------
-- Table structure for complaints
-- ----------------------------
DROP TABLE IF EXISTS `complaints`;
CREATE TABLE `complaints`  (
  `id` int NOT NULL,
  `content` text CHARACTER SET utf8mb4 COLLATE utf8mb4_0900_ai_ci NOT NULL,
  `submit_time` datetime NOT NULL,
  `status` int NOT NULL COMMENT '0为待审批，1为已经审批待处理，2为已处理待确认，3为已经结案',
  `result` text CHARACTER SET utf8mb4 COLLATE utf8mb4_0900_ai_ci NOT NULL,
  `handle_time` datetime NOT NULL,
  `user_id` bigint NOT NULL,
  PRIMARY KEY (`id`) USING BTREE,
  INDEX `user_id`(`user_id` ASC) USING BTREE,
  CONSTRAINT `user_id` FOREIGN KEY (`user_id`) REFERENCES `sys_user` (`user_id`) ON DELETE CASCADE ON UPDATE CASCADE
) ENGINE = InnoDB CHARACTER SET = utf8mb4 COLLATE = utf8mb4_0900_ai_ci ROW_FORMAT = Dynamic;

-- ----------------------------
-- Records of complaints
-- ----------------------------

-- ----------------------------
-- Table structure for diningentertainment
-- ----------------------------
DROP TABLE IF EXISTS `diningentertainment`;
CREATE TABLE `diningentertainment`  (
  `id` int NOT NULL,
  `type` varchar(50) CHARACTER SET utf8mb4 COLLATE utf8mb4_0900_ai_ci NOT NULL,
  `name` varchar(255) CHARACTER SET utf8mb4 COLLATE utf8mb4_0900_ai_ci NOT NULL,
  `opening_time` time NULL DEFAULT NULL,
  `address` varchar(255) CHARACTER SET utf8mb4 COLLATE utf8mb4_0900_ai_ci NOT NULL,
  `closing_time` time NULL DEFAULT NULL,
  PRIMARY KEY (`id`) USING BTREE
) ENGINE = InnoDB CHARACTER SET = utf8mb4 COLLATE = utf8mb4_0900_ai_ci ROW_FORMAT = Dynamic;

-- ----------------------------
-- Records of diningentertainment
-- ----------------------------

-- ----------------------------
-- Table structure for emergencyinfo
-- ----------------------------
DROP TABLE IF EXISTS `emergencyinfo`;
CREATE TABLE `emergencyinfo`  (
  `id` int NOT NULL,
  `priority` int NOT NULL,
  `validity` datetime NOT NULL DEFAULT CURRENT_TIMESTAMP COMMENT '截止日期',
  `content` varchar(255) CHARACTER SET utf8mb4 COLLATE utf8mb4_0900_ai_ci NOT NULL,
  `status` int NOT NULL,
  `scenicarea_id` int NOT NULL,
  PRIMARY KEY (`id`) USING BTREE,
  INDEX `scenicarea_id`(`scenicarea_id` ASC) USING BTREE,
  CONSTRAINT `scenicarea_id` FOREIGN KEY (`scenicarea_id`) REFERENCES `scenicareas` (`id`) ON DELETE RESTRICT ON UPDATE RESTRICT
) ENGINE = InnoDB CHARACTER SET = utf8mb4 COLLATE = utf8mb4_0900_ai_ci ROW_FORMAT = Dynamic;

-- ----------------------------
-- Records of emergencyinfo
-- ----------------------------

-- ----------------------------
-- Table structure for feedbackresults
-- ----------------------------
DROP TABLE IF EXISTS `feedbackresults`;
CREATE TABLE `feedbackresults`  (
  `id` int NOT NULL,
  `handle_result_id` int NOT NULL,
  `rating` int NOT NULL,
  PRIMARY KEY (`id`) USING BTREE,
  INDEX `handle_result_id`(`handle_result_id` ASC) USING BTREE,
  CONSTRAINT `handle_result_id` FOREIGN KEY (`handle_result_id`) REFERENCES `handlingresults` (`id`) ON DELETE RESTRICT ON UPDATE RESTRICT
) ENGINE = InnoDB CHARACTER SET = utf8mb4 COLLATE = utf8mb4_0900_ai_ci ROW_FORMAT = Dynamic;

-- ----------------------------
-- Records of feedbackresults
-- ----------------------------

-- ----------------------------
-- Table structure for gen_table
-- ----------------------------
DROP TABLE IF EXISTS `gen_table`;
CREATE TABLE `gen_table`  (
  `table_id` bigint NOT NULL AUTO_INCREMENT COMMENT '编号',
  `table_name` varchar(200) CHARACTER SET utf8mb4 COLLATE utf8mb4_0900_ai_ci NULL DEFAULT '' COMMENT '表名称',
  `table_comment` varchar(500) CHARACTER SET utf8mb4 COLLATE utf8mb4_0900_ai_ci NULL DEFAULT '' COMMENT '表描述',
  `sub_table_name` varchar(64) CHARACTER SET utf8mb4 COLLATE utf8mb4_0900_ai_ci NULL DEFAULT NULL COMMENT '关联子表的表名',
  `sub_table_fk_name` varchar(64) CHARACTER SET utf8mb4 COLLATE utf8mb4_0900_ai_ci NULL DEFAULT NULL COMMENT '子表关联的外键名',
  `class_name` varchar(100) CHARACTER SET utf8mb4 COLLATE utf8mb4_0900_ai_ci NULL DEFAULT '' COMMENT '实体类名称',
  `tpl_category` varchar(200) CHARACTER SET utf8mb4 COLLATE utf8mb4_0900_ai_ci NULL DEFAULT 'crud' COMMENT '使用的模板（crud单表操作 tree树表操作）',
  `tpl_web_type` varchar(30) CHARACTER SET utf8mb4 COLLATE utf8mb4_0900_ai_ci NULL DEFAULT '' COMMENT '前端模板类型（element-ui模版 element-plus模版）',
  `package_name` varchar(100) CHARACTER SET utf8mb4 COLLATE utf8mb4_0900_ai_ci NULL DEFAULT NULL COMMENT '生成包路径',
  `module_name` varchar(30) CHARACTER SET utf8mb4 COLLATE utf8mb4_0900_ai_ci NULL DEFAULT NULL COMMENT '生成模块名',
  `business_name` varchar(30) CHARACTER SET utf8mb4 COLLATE utf8mb4_0900_ai_ci NULL DEFAULT NULL COMMENT '生成业务名',
  `function_name` varchar(50) CHARACTER SET utf8mb4 COLLATE utf8mb4_0900_ai_ci NULL DEFAULT NULL COMMENT '生成功能名',
  `function_author` varchar(50) CHARACTER SET utf8mb4 COLLATE utf8mb4_0900_ai_ci NULL DEFAULT NULL COMMENT '生成功能作者',
  `gen_type` char(1) CHARACTER SET utf8mb4 COLLATE utf8mb4_0900_ai_ci NULL DEFAULT '0' COMMENT '生成代码方式（0zip压缩包 1自定义路径）',
  `gen_path` varchar(200) CHARACTER SET utf8mb4 COLLATE utf8mb4_0900_ai_ci NULL DEFAULT '/' COMMENT '生成路径（不填默认项目路径）',
  `options` varchar(1000) CHARACTER SET utf8mb4 COLLATE utf8mb4_0900_ai_ci NULL DEFAULT NULL COMMENT '其它生成选项',
  `create_by` varchar(64) CHARACTER SET utf8mb4 COLLATE utf8mb4_0900_ai_ci NULL DEFAULT '' COMMENT '创建者',
  `create_time` datetime NULL DEFAULT NULL COMMENT '创建时间',
  `update_by` varchar(64) CHARACTER SET utf8mb4 COLLATE utf8mb4_0900_ai_ci NULL DEFAULT '' COMMENT '更新者',
  `update_time` datetime NULL DEFAULT NULL COMMENT '更新时间',
  `remark` varchar(500) CHARACTER SET utf8mb4 COLLATE utf8mb4_0900_ai_ci NULL DEFAULT NULL COMMENT '备注',
  PRIMARY KEY (`table_id`) USING BTREE
) ENGINE = InnoDB AUTO_INCREMENT = 1 CHARACTER SET = utf8mb4 COLLATE = utf8mb4_0900_ai_ci COMMENT = '代码生成业务表' ROW_FORMAT = Dynamic;

-- ----------------------------
-- Records of gen_table
-- ----------------------------
INSERT INTO `gen_table` VALUES (1, 'nonstarmarketingrecords', '非星级营销信息', NULL, NULL, 'Nonstarmarketingrecords', 'crud', 'element-plus', 'com.ruoyi.hotel', 'hotel', 'nonstarmarketingrecords', '非星级酒店营销管理', 'ningf', '0', '/', '{\"parentMenuId\":\"2004\"}', 'admin', '2024-07-05 21:51:15', '', '2024-07-06 15:26:48', NULL);
INSERT INTO `gen_table` VALUES (2, 'nonstarroomtypes', '非星级房型', NULL, NULL, 'Nonstarroomtypes', 'crud', 'element-plus', 'com.ruoyi.hotel', 'hotel', 'nonstarroomtypes', '非星级房型', 'ningf', '0', '/', '{\"parentMenuId\":\"2004\"}', 'admin', '2024-07-05 21:51:15', '', '2024-07-06 15:27:04', NULL);
INSERT INTO `gen_table` VALUES (3, 'performancegroups', '演出团体', NULL, NULL, 'Performancegroups', 'crud', 'element-plus', 'com.ruoyi.entertainment', 'entertainment', 'performancegroups', '演出团体信息', 'ningf', '0', '/', '{\"parentMenuId\":\"2010\"}', 'admin', '2024-07-05 21:51:15', '', '2024-07-06 15:27:20', NULL);
INSERT INTO `gen_table` VALUES (4, 'scenicareas', '景区信息', NULL, NULL, 'Scenicareas', 'crud', 'element-plus', 'com.ruoyi.scenic', 'scenic', 'scenicareas', '景区信息', 'ningf', '0', '/', '{\"parentMenuId\":\"2005\"}', 'admin', '2024-07-05 21:51:15', '', '2024-07-06 15:27:29', NULL);
INSERT INTO `gen_table` VALUES (7, 'starhotels', '星级酒店信息', NULL, NULL, 'Starhotels', 'crud', 'element-plus', 'com.ruoyi.hotel', 'hotel', 'starhotels', '星级酒店信息', 'ningf', '0', '/', '{\"parentMenuId\":\"2003\"}', 'admin', '2024-07-05 21:51:15', '', '2024-07-06 15:28:31', NULL);
INSERT INTO `gen_table` VALUES (8, 'starmarketingrecords', '星级营销信息', NULL, NULL, 'Starmarketingrecords', 'crud', 'element-plus', 'com.ruoyi.hotel', 'hotel', 'starmarketingrecords', '星级酒店营销管理', 'ningf', '0', '/', '{\"parentMenuId\":\"2003\"}', 'admin', '2024-07-05 21:51:15', '', '2024-07-06 15:28:42', NULL);
INSERT INTO `gen_table` VALUES (9, 'starroomtypes', '星级酒店房型', NULL, NULL, 'Starroomtypes', 'crud', 'element-plus', 'com.ruoyi.hotel', 'hotel', 'starroomtypes', '星级酒店房型管理', 'ningf', '0', '/', '{\"parentMenuId\":\"2003\"}', 'admin', '2024-07-05 21:51:15', '', '2024-07-06 15:28:53', NULL);
INSERT INTO `gen_table` VALUES (10, 'complaints', '投诉信息', NULL, NULL, 'Complaints', 'crud', 'element-plus', 'com.ruoyi.complaint', 'complaint', 'complaints', '投诉信息', 'ningf', '0', '/', '{\"parentMenuId\":\"2000\"}', 'admin', '2024-07-05 21:52:28', '', '2024-07-06 15:29:02', NULL);
INSERT INTO `gen_table` VALUES (11, 'diningentertainment', '餐饮娱乐信息', NULL, NULL, 'Diningentertainment', 'crud', 'element-plus', 'com.ruoyi.entertainment', 'entertainment', 'diningentertainment', '餐饮娱乐信息', 'ningf', '0', '/', '{\"parentMenuId\":\"2009\"}', 'admin', '2024-07-05 21:52:28', '', '2024-07-06 15:29:12', NULL);
INSERT INTO `gen_table` VALUES (12, 'emergencyinfo', '应急信息', NULL, NULL, 'Emergencyinfo', 'crud', 'element-plus', 'com.ruoyi.emergency', 'emergency', 'emergencyinfo', '应急信息', 'ningf', '0', '/', '{\"parentMenuId\":\"2001\"}', 'admin', '2024-07-05 21:52:28', '', '2024-07-06 15:29:20', NULL);
INSERT INTO `gen_table` VALUES (13, 'feedbackresults', '投诉处理反馈', NULL, NULL, 'Feedbackresults', 'crud', 'element-plus', 'com.ruoyi.complaint', 'complaint', 'feedbackresults', '投诉处理结果反馈', 'ningf', '0', '/', '{\"parentMenuId\":\"2000\"}', 'admin', '2024-07-05 21:52:28', '', '2024-07-06 15:29:30', NULL);
INSERT INTO `gen_table` VALUES (14, 'handlingresults', '处理结果', NULL, NULL, 'Handlingresults', 'crud', 'element-plus', 'com.ruoyi.complaint', 'complaint', 'handlingresults', '投诉处理信息', 'ningf', '0', '/', '{\"parentMenuId\":\"2000\"}', 'admin', '2024-07-05 21:52:28', '', '2024-07-06 15:29:39', NULL);
INSERT INTO `gen_table` VALUES (17, 'nonstarhotels', '非星级酒店信息', NULL, NULL, 'Nonstarhotels', 'crud', 'element-plus', 'com.ruoyi.hotel', 'hotel', 'nonstarhotels', '非星级酒店管理', 'ningf', '0', '/', '{\"parentMenuId\":\"2004\"}', 'admin', '2024-07-05 21:52:28', '', '2024-07-06 15:29:49', NULL);
INSERT INTO `gen_table` VALUES (18, 'reviews', '餐饮娱乐评价信息', NULL, NULL, 'Reviews', 'crud', 'element-plus', 'com.ruoyi.entertainment', 'entertainment', 'reviews', '餐饮娱乐评价', 'ningf', '0', '/', '{\"parentMenuId\":\"2009\"}', 'admin', '2024-07-05 21:52:28', '', '2024-07-06 15:29:57', NULL);
INSERT INTO `gen_table` VALUES (20, 'nonstarhotel_reviews', '非星级酒店评价', NULL, NULL, 'NonstarhotelReviews', 'crud', 'element-plus', 'com.ruoyi.hotel', 'hotel', 'reviews', '非星级酒店评价管理', 'ningf', '0', '/', '{\"parentMenuId\":\"2004\"}', 'admin', '2024-07-05 23:19:38', '', '2024-07-06 15:30:08', NULL);
INSERT INTO `gen_table` VALUES (21, 'starhotelreviews', '星级酒店评价信息', NULL, NULL, 'Starhotelreviews', 'crud', 'element-plus', 'com.ruoyi.hotel', 'hotel', 'starhotelreviews', '星级酒店评价管理', 'ningf', '0', '/', '{\"parentMenuId\":\"2003\"}', 'admin', '2024-07-05 23:19:38', '', '2024-07-06 15:30:19', NULL);
INSERT INTO `gen_table` VALUES (22, 'nonstarbookings', '非星级酒店预定信息', NULL, NULL, 'Nonstarbookings', 'crud', 'element-plus', 'com.ruoyi.hotel', 'hotel', 'nonstarbookings', '非星级酒店预定信息', 'ningf', '0', '/', '{\"parentMenuId\":\"2004\"}', 'admin', '2024-07-05 23:40:05', '', '2024-07-06 15:30:27', NULL);
INSERT INTO `gen_table` VALUES (23, 'starbookings', '星级酒店预定信息', NULL, NULL, 'Starbookings', 'crud', 'element-plus', 'com.ruoyi.hotel', 'hotel', 'starbookings', '星级酒店预定', 'ningf', '0', '/', '{\"parentMenuId\":\"2003\"}', 'admin', '2024-07-05 23:40:05', '', '2024-07-06 15:30:36', NULL);
INSERT INTO `gen_table` VALUES (24, 'scenicspots', '景点信息', NULL, NULL, 'Scenicspots', 'crud', 'element-plus', 'com.ruoyi.scenic', 'scenic', 'scenicspots', '景点信息', 'ningf', '0', '/', '{\"parentMenuId\":\"2006\"}', 'admin', '2024-07-05 23:59:26', '', '2024-07-06 15:30:45', NULL);

-- ----------------------------
-- Table structure for gen_table_column
-- ----------------------------
DROP TABLE IF EXISTS `gen_table_column`;
CREATE TABLE `gen_table_column`  (
  `column_id` bigint NOT NULL AUTO_INCREMENT COMMENT '编号',
  `table_id` bigint NULL DEFAULT NULL COMMENT '归属表编号',
  `column_name` varchar(200) CHARACTER SET utf8mb4 COLLATE utf8mb4_0900_ai_ci NULL DEFAULT NULL COMMENT '列名称',
  `column_comment` varchar(500) CHARACTER SET utf8mb4 COLLATE utf8mb4_0900_ai_ci NULL DEFAULT NULL COMMENT '列描述',
  `column_type` varchar(100) CHARACTER SET utf8mb4 COLLATE utf8mb4_0900_ai_ci NULL DEFAULT NULL COMMENT '列类型',
  `java_type` varchar(500) CHARACTER SET utf8mb4 COLLATE utf8mb4_0900_ai_ci NULL DEFAULT NULL COMMENT 'JAVA类型',
  `java_field` varchar(200) CHARACTER SET utf8mb4 COLLATE utf8mb4_0900_ai_ci NULL DEFAULT NULL COMMENT 'JAVA字段名',
  `is_pk` char(1) CHARACTER SET utf8mb4 COLLATE utf8mb4_0900_ai_ci NULL DEFAULT NULL COMMENT '是否主键（1是）',
  `is_increment` char(1) CHARACTER SET utf8mb4 COLLATE utf8mb4_0900_ai_ci NULL DEFAULT NULL COMMENT '是否自增（1是）',
  `is_required` char(1) CHARACTER SET utf8mb4 COLLATE utf8mb4_0900_ai_ci NULL DEFAULT NULL COMMENT '是否必填（1是）',
  `is_insert` char(1) CHARACTER SET utf8mb4 COLLATE utf8mb4_0900_ai_ci NULL DEFAULT NULL COMMENT '是否为插入字段（1是）',
  `is_edit` char(1) CHARACTER SET utf8mb4 COLLATE utf8mb4_0900_ai_ci NULL DEFAULT NULL COMMENT '是否编辑字段（1是）',
  `is_list` char(1) CHARACTER SET utf8mb4 COLLATE utf8mb4_0900_ai_ci NULL DEFAULT NULL COMMENT '是否列表字段（1是）',
  `is_query` char(1) CHARACTER SET utf8mb4 COLLATE utf8mb4_0900_ai_ci NULL DEFAULT NULL COMMENT '是否查询字段（1是）',
  `query_type` varchar(200) CHARACTER SET utf8mb4 COLLATE utf8mb4_0900_ai_ci NULL DEFAULT 'EQ' COMMENT '查询方式（等于、不等于、大于、小于、范围）',
  `html_type` varchar(200) CHARACTER SET utf8mb4 COLLATE utf8mb4_0900_ai_ci NULL DEFAULT NULL COMMENT '显示类型（文本框、文本域、下拉框、复选框、单选框、日期控件）',
  `dict_type` varchar(200) CHARACTER SET utf8mb4 COLLATE utf8mb4_0900_ai_ci NULL DEFAULT '' COMMENT '字典类型',
  `sort` int NULL DEFAULT NULL COMMENT '排序',
  `create_by` varchar(64) CHARACTER SET utf8mb4 COLLATE utf8mb4_0900_ai_ci NULL DEFAULT '' COMMENT '创建者',
  `create_time` datetime NULL DEFAULT NULL COMMENT '创建时间',
  `update_by` varchar(64) CHARACTER SET utf8mb4 COLLATE utf8mb4_0900_ai_ci NULL DEFAULT '' COMMENT '更新者',
  `update_time` datetime NULL DEFAULT NULL COMMENT '更新时间',
  PRIMARY KEY (`column_id`) USING BTREE
) ENGINE = InnoDB AUTO_INCREMENT = 1 CHARACTER SET = utf8mb4 COLLATE = utf8mb4_0900_ai_ci COMMENT = '代码生成业务表字段' ROW_FORMAT = Dynamic;

-- ----------------------------
-- Records of gen_table_column
-- ----------------------------
INSERT INTO `gen_table_column` VALUES (1, 1, 'id', '营销数据id', 'int', 'Long', 'id', '1', '0', NULL, '0', NULL, NULL, NULL, 'EQ', 'input', '', 1, 'admin', '2024-07-05 21:51:15', '', '2024-07-06 15:26:48');
INSERT INTO `gen_table_column` VALUES (2, 1, 'hotel_id', '酒店id', 'int', 'Long', 'hotelId', '0', '0', '1', '1', '1', '1', '1', 'EQ', 'input', '', 2, 'admin', '2024-07-05 21:51:15', '', '2024-07-06 15:26:48');
INSERT INTO `gen_table_column` VALUES (3, 1, 'room_type_id', '房型id', 'int', 'Long', 'roomTypeId', '0', '0', '1', '1', '1', '1', '1', 'EQ', 'input', '', 3, 'admin', '2024-07-05 21:51:15', '', '2024-07-06 15:26:48');
INSERT INTO `gen_table_column` VALUES (4, 1, 'total_sales', '总销量', 'int', 'Long', 'totalSales', '0', '0', NULL, '1', '1', '1', '0', 'EQ', 'input', '', 4, 'admin', '2024-07-05 21:51:15', '', '2024-07-06 15:26:48');
INSERT INTO `gen_table_column` VALUES (5, 2, 'id', '非星级放行id', 'int', 'Long', 'id', '1', '0', NULL, '0', NULL, NULL, NULL, 'EQ', 'input', '', 1, 'admin', '2024-07-05 21:51:15', '', '2024-07-06 15:27:04');
INSERT INTO `gen_table_column` VALUES (6, 2, 'hotel_id', '酒店id', 'int', 'Long', 'hotelId', '0', '0', NULL, '1', '1', '1', '1', 'EQ', 'input', '', 2, 'admin', '2024-07-05 21:51:15', '', '2024-07-06 15:27:04');
INSERT INTO `gen_table_column` VALUES (7, 2, 'name', '房型名称', 'varchar(255)', 'String', 'name', '0', '0', '1', '1', '1', '1', '1', 'LIKE', 'input', '', 3, 'admin', '2024-07-05 21:51:15', '', '2024-07-06 15:27:04');
INSERT INTO `gen_table_column` VALUES (8, 2, 'price', '价格', 'decimal(10,2)', 'BigDecimal', 'price', '0', '0', '1', '1', '1', '1', '0', 'EQ', 'input', '', 4, 'admin', '2024-07-05 21:51:15', '', '2024-07-06 15:27:04');
INSERT INTO `gen_table_column` VALUES (9, 2, 'quantity', '剩余数量', 'int', 'Long', 'quantity', '0', '0', '1', '1', '1', '1', '0', 'EQ', 'input', '', 5, 'admin', '2024-07-05 21:51:15', '', '2024-07-06 15:27:04');
INSERT INTO `gen_table_column` VALUES (10, 2, 'sales', '销量', 'int', 'Long', 'sales', '0', '0', NULL, '1', '1', '1', '0', 'EQ', 'input', '', 6, 'admin', '2024-07-05 21:51:15', '', '2024-07-06 15:27:04');
INSERT INTO `gen_table_column` VALUES (11, 3, 'id', '演出团体id', 'int', 'Long', 'id', '1', '0', NULL, '0', NULL, NULL, NULL, 'EQ', 'input', '', 1, 'admin', '2024-07-05 21:51:15', '', '2024-07-06 15:27:20');
INSERT INTO `gen_table_column` VALUES (12, 3, 'name', '团体名称', 'varchar(255)', 'String', 'name', '0', '0', '1', '1', '1', '1', '1', 'LIKE', 'input', '', 2, 'admin', '2024-07-05 21:51:15', '', '2024-07-06 15:27:20');
INSERT INTO `gen_table_column` VALUES (13, 3, 'start_time', '开始时间', 'datetime', 'Date', 'startTime', '0', '0', '1', '1', '1', '1', '1', 'EQ', 'datetime', '', 3, 'admin', '2024-07-05 21:51:15', '', '2024-07-06 15:27:20');
INSERT INTO `gen_table_column` VALUES (14, 3, 'duration', '演出单场时长', 'int', 'Long', 'duration', '0', '0', '1', '1', '1', '1', '0', 'EQ', 'input', '', 4, 'admin', '2024-07-05 21:51:15', '', '2024-07-06 15:27:20');
INSERT INTO `gen_table_column` VALUES (15, 3, 'venue', '演出场地', 'varchar(255)', 'String', 'venue', '0', '0', '1', '1', '1', '1', '1', 'EQ', 'input', '', 5, 'admin', '2024-07-05 21:51:15', '', '2024-07-06 15:27:20');
INSERT INTO `gen_table_column` VALUES (16, 3, 'capacity', '容量', 'int', 'Long', 'capacity', '0', '0', '1', '1', '1', '1', '0', 'EQ', 'input', '', 6, 'admin', '2024-07-05 21:51:15', '', '2024-07-06 15:27:20');
INSERT INTO `gen_table_column` VALUES (17, 3, 'price', '票价', 'decimal(10,2)', 'BigDecimal', 'price', '0', '0', '1', '1', '1', '1', '0', 'EQ', 'input', '', 7, 'admin', '2024-07-05 21:51:15', '', '2024-07-06 15:27:20');
INSERT INTO `gen_table_column` VALUES (18, 4, 'id', '景区id', 'int', 'Long', 'id', '1', '0', NULL, '0', NULL, NULL, NULL, 'EQ', 'input', '', 1, 'admin', '2024-07-05 21:51:15', '', '2024-07-06 15:27:29');
INSERT INTO `gen_table_column` VALUES (19, 4, 'city', '城市', 'varchar(255)', 'String', 'city', '0', '0', '1', '1', '1', '1', '1', 'EQ', 'input', '', 2, 'admin', '2024-07-05 21:51:15', '', '2024-07-06 15:27:29');
INSERT INTO `gen_table_column` VALUES (20, 4, 'name', '景区名称', 'varchar(255)', 'String', 'name', '0', '0', '1', '1', '1', '1', '1', 'LIKE', 'input', '', 3, 'admin', '2024-07-05 21:51:15', '', '2024-07-06 15:27:29');
INSERT INTO `gen_table_column` VALUES (21, 4, 'address', '地址', 'varchar(255)', 'String', 'address', '0', '0', '1', '1', '1', '1', '1', 'EQ', 'input', '', 4, 'admin', '2024-07-05 21:51:15', '', '2024-07-06 15:27:29');
INSERT INTO `gen_table_column` VALUES (33, 7, 'id', '星级酒店id', 'int', 'Long', 'id', '1', '0', NULL, '0', NULL, NULL, NULL, 'EQ', 'input', '', 1, 'admin', '2024-07-05 21:51:15', '', '2024-07-06 15:28:31');
INSERT INTO `gen_table_column` VALUES (34, 7, 'name', '酒店名称', 'varchar(255)', 'String', 'name', '0', '0', '1', '1', '1', '1', '1', 'LIKE', 'input', '', 2, 'admin', '2024-07-05 21:51:15', '', '2024-07-06 15:28:31');
INSERT INTO `gen_table_column` VALUES (35, 7, 'star_level', '酒店星级', 'int', 'Long', 'starLevel', '0', '0', '1', '1', '1', '1', '0', 'EQ', 'input', '', 3, 'admin', '2024-07-05 21:51:15', '', '2024-07-06 15:28:31');
INSERT INTO `gen_table_column` VALUES (36, 7, 'min_price', '最低价', 'int', 'Long', 'minPrice', '0', '0', '1', '1', '1', '1', '0', 'EQ', 'input', '', 4, 'admin', '2024-07-05 21:51:15', '', '2024-07-06 15:28:31');
INSERT INTO `gen_table_column` VALUES (37, 7, 'total_quantity', '剩余总量', 'int', 'Long', 'totalQuantity', '0', '0', '1', '1', '1', '1', '0', 'EQ', 'input', '', 5, 'admin', '2024-07-05 21:51:15', '', '2024-07-06 15:28:31');
INSERT INTO `gen_table_column` VALUES (38, 7, 'address', '地址', 'varchar(255)', 'String', 'address', '0', '0', '1', '1', '1', '1', '1', 'EQ', 'input', '', 6, 'admin', '2024-07-05 21:51:15', '', '2024-07-06 15:28:31');
INSERT INTO `gen_table_column` VALUES (39, 8, 'id', '星级酒店营销id', 'int', 'Long', 'id', '1', '0', NULL, '0', NULL, NULL, NULL, 'EQ', 'input', '', 1, 'admin', '2024-07-05 21:51:15', '', '2024-07-06 15:28:42');
INSERT INTO `gen_table_column` VALUES (40, 8, 'hotel_id', '酒店id', 'int', 'Long', 'hotelId', '0', '0', '1', '1', '1', '1', '1', 'EQ', 'input', '', 2, 'admin', '2024-07-05 21:51:15', '', '2024-07-06 15:28:42');
INSERT INTO `gen_table_column` VALUES (41, 8, 'room_type_id', '房型id', 'int', 'Long', 'roomTypeId', '0', '0', '1', '1', '1', '1', '1', 'EQ', 'input', '', 3, 'admin', '2024-07-05 21:51:15', '', '2024-07-06 15:28:42');
INSERT INTO `gen_table_column` VALUES (42, 8, 'total_sales', '总销量', 'int', 'Long', 'totalSales', '0', '0', NULL, '1', '1', '1', '0', 'EQ', 'input', '', 4, 'admin', '2024-07-05 21:51:15', '', '2024-07-06 15:28:42');
INSERT INTO `gen_table_column` VALUES (43, 9, 'id', '星级酒店房型id', 'int', 'Long', 'id', '1', '0', NULL, '0', NULL, NULL, NULL, 'EQ', 'input', '', 1, 'admin', '2024-07-05 21:51:15', '', '2024-07-06 15:28:53');
INSERT INTO `gen_table_column` VALUES (44, 9, 'hotel_id', '酒店id', 'int', 'Long', 'hotelId', '0', '0', '1', '1', '1', '1', '1', 'EQ', 'input', '', 2, 'admin', '2024-07-05 21:51:15', '', '2024-07-06 15:28:53');
INSERT INTO `gen_table_column` VALUES (45, 9, 'name', '房型名称', 'varchar(255)', 'String', 'name', '0', '0', '1', '1', '1', '1', '1', 'LIKE', 'input', '', 3, 'admin', '2024-07-05 21:51:15', '', '2024-07-06 15:28:53');
INSERT INTO `gen_table_column` VALUES (46, 9, 'price', '价格', 'int', 'Long', 'price', '0', '0', '1', '1', '1', '1', '0', 'EQ', 'input', '', 4, 'admin', '2024-07-05 21:51:15', '', '2024-07-06 15:28:53');
INSERT INTO `gen_table_column` VALUES (47, 9, 'quantity', '剩余数量', 'int', 'Long', 'quantity', '0', '0', '1', '1', '1', '1', '0', 'EQ', 'input', '', 5, 'admin', '2024-07-05 21:51:15', '', '2024-07-06 15:28:53');
INSERT INTO `gen_table_column` VALUES (48, 9, 'sales', '销量', 'int', 'Long', 'sales', '0', '0', NULL, '1', '1', '1', '0', 'EQ', 'input', '', 6, 'admin', '2024-07-05 21:51:15', '', '2024-07-06 15:28:53');
INSERT INTO `gen_table_column` VALUES (49, 10, 'id', '投诉id', 'int', 'Long', 'id', '1', '0', NULL, '0', NULL, NULL, NULL, 'EQ', 'input', '', 1, 'admin', '2024-07-05 21:52:28', '', '2024-07-06 15:29:02');
INSERT INTO `gen_table_column` VALUES (50, 10, 'content', '内容', 'text', 'String', 'content', '0', '0', '1', '1', '1', '1', '1', 'EQ', 'editor', '', 2, 'admin', '2024-07-05 21:52:28', '', '2024-07-06 15:29:02');
INSERT INTO `gen_table_column` VALUES (51, 10, 'submit_time', '提交时间', 'datetime', 'Date', 'submitTime', '0', '0', '1', '1', '1', '1', '1', 'EQ', 'datetime', '', 3, 'admin', '2024-07-05 21:52:28', '', '2024-07-06 15:29:02');
INSERT INTO `gen_table_column` VALUES (52, 10, 'status', '0为待审批，1为已经审批待处理，2为已处理待确认，3为已经结案', 'int', 'Long', 'status', '0', '0', '1', '1', '1', '1', '1', 'EQ', 'radio', '', 4, 'admin', '2024-07-05 21:52:28', '', '2024-07-06 15:29:02');
INSERT INTO `gen_table_column` VALUES (53, 10, 'result', '结果', 'text', 'String', 'result', '0', '0', '1', '1', '1', '1', '0', 'EQ', 'textarea', '', 5, 'admin', '2024-07-05 21:52:28', '', '2024-07-06 15:29:02');
INSERT INTO `gen_table_column` VALUES (54, 10, 'handle_time', '处理时间', 'datetime', 'Date', 'handleTime', '0', '0', '1', '1', '1', '1', '0', 'EQ', 'datetime', '', 6, 'admin', '2024-07-05 21:52:28', '', '2024-07-06 15:29:02');
INSERT INTO `gen_table_column` VALUES (55, 10, 'user_id', '投诉人id', 'bigint', 'Long', 'userId', '0', '0', '1', '1', '1', '1', '1', 'EQ', 'input', '', 7, 'admin', '2024-07-05 21:52:28', '', '2024-07-06 15:29:02');
INSERT INTO `gen_table_column` VALUES (56, 11, 'id', '餐饮娱乐id', 'int', 'Long', 'id', '1', '0', NULL, '0', NULL, NULL, NULL, 'EQ', 'input', '', 1, 'admin', '2024-07-05 21:52:28', '', '2024-07-06 15:29:12');
INSERT INTO `gen_table_column` VALUES (57, 11, 'type', '类型', 'varchar(50)', 'String', 'type', '0', '0', '1', '1', '1', '1', '1', 'EQ', 'select', '', 2, 'admin', '2024-07-05 21:52:28', '', '2024-07-06 15:29:12');
INSERT INTO `gen_table_column` VALUES (58, 11, 'name', '名称', 'varchar(255)', 'String', 'name', '0', '0', '1', '1', '1', '1', '1', 'LIKE', 'input', '', 3, 'admin', '2024-07-05 21:52:28', '', '2024-07-06 15:29:12');
INSERT INTO `gen_table_column` VALUES (59, 11, 'opening_time', '营业开始时间', 'time', 'Date', 'openingTime', '0', '0', NULL, '1', '1', '1', '0', 'EQ', 'datetime', '', 4, 'admin', '2024-07-05 21:52:28', '', '2024-07-06 15:29:12');
INSERT INTO `gen_table_column` VALUES (60, 11, 'address', '地址', 'varchar(255)', 'String', 'address', '0', '0', '1', '1', '1', '1', '1', 'EQ', 'input', '', 5, 'admin', '2024-07-05 21:52:28', '', '2024-07-06 15:29:12');
INSERT INTO `gen_table_column` VALUES (61, 11, 'closing_time', '营业结束时间', 'time', 'Date', 'closingTime', '0', '0', NULL, '1', '1', '1', '0', 'EQ', 'datetime', '', 6, 'admin', '2024-07-05 21:52:28', '', '2024-07-06 15:29:12');
INSERT INTO `gen_table_column` VALUES (62, 12, 'id', '应急信息id', 'int', 'Long', 'id', '1', '0', NULL, '0', NULL, NULL, NULL, 'EQ', 'input', '', 1, 'admin', '2024-07-05 21:52:28', '', '2024-07-06 15:29:20');
INSERT INTO `gen_table_column` VALUES (63, 12, 'priority', '优先级', 'int', 'Long', 'priority', '0', '0', '1', '1', '1', '1', '1', 'EQ', 'input', '', 2, 'admin', '2024-07-05 21:52:28', '', '2024-07-06 15:29:20');
INSERT INTO `gen_table_column` VALUES (64, 12, 'validity', '截止日期', 'datetime', 'Date', 'validity', '0', '0', '1', '1', '1', '1', '0', 'EQ', 'datetime', '', 3, 'admin', '2024-07-05 21:52:28', '', '2024-07-06 15:29:20');
INSERT INTO `gen_table_column` VALUES (65, 12, 'content', '内容', 'varchar(255)', 'String', 'content', '0', '0', '1', '1', '1', '1', '1', 'EQ', 'editor', '', 4, 'admin', '2024-07-05 21:52:28', '', '2024-07-06 15:29:20');
INSERT INTO `gen_table_column` VALUES (66, 12, 'status', '状态', 'int', 'Long', 'status', '0', '0', '1', '1', '1', '1', '0', 'EQ', 'radio', '', 5, 'admin', '2024-07-05 21:52:28', '', '2024-07-06 15:29:20');
INSERT INTO `gen_table_column` VALUES (67, 12, 'scenicarea_id', '景区id', 'int', 'Long', 'scenicareaId', '0', '0', '1', '1', '1', '1', '1', 'EQ', 'input', '', 6, 'admin', '2024-07-05 21:52:28', '', '2024-07-06 15:29:20');
INSERT INTO `gen_table_column` VALUES (68, 13, 'id', '投诉处理结果反馈id', 'int', 'Long', 'id', '1', '0', NULL, '0', NULL, NULL, NULL, 'EQ', 'input', '', 1, 'admin', '2024-07-05 21:52:28', '', '2024-07-06 15:29:30');
INSERT INTO `gen_table_column` VALUES (69, 13, 'handle_result_id', '处理结果id', 'int', 'Long', 'handleResultId', '0', '0', '1', '1', '1', '1', '1', 'EQ', 'input', '', 2, 'admin', '2024-07-05 21:52:28', '', '2024-07-06 15:29:30');
INSERT INTO `gen_table_column` VALUES (70, 13, 'rating', '评分', 'int', 'Long', 'rating', '0', '0', '1', '1', '1', '1', '1', 'EQ', 'input', '', 3, 'admin', '2024-07-05 21:52:28', '', '2024-07-06 15:29:30');
INSERT INTO `gen_table_column` VALUES (71, 14, 'id', '处理结果id', 'int', 'Long', 'id', '1', '0', NULL, '0', NULL, NULL, NULL, 'EQ', 'input', '', 1, 'admin', '2024-07-05 21:52:28', '', '2024-07-06 15:29:39');
INSERT INTO `gen_table_column` VALUES (72, 14, 'complaint_id', '投诉id', 'int', 'Long', 'complaintId', '0', '0', '1', '1', '1', '1', '1', 'EQ', 'input', '', 2, 'admin', '2024-07-05 21:52:28', '', '2024-07-06 15:29:39');
INSERT INTO `gen_table_column` VALUES (73, 14, 'result', '结果', 'text', 'String', 'result', '0', '0', '1', '1', '1', '1', '0', 'EQ', 'textarea', '', 3, 'admin', '2024-07-05 21:52:28', '', '2024-07-06 15:29:39');
INSERT INTO `gen_table_column` VALUES (74, 14, 'handle_time', '处理时间', 'datetime', 'Date', 'handleTime', '0', '0', '1', '1', '1', '1', '0', 'EQ', 'datetime', '', 4, 'admin', '2024-07-05 21:52:28', '', '2024-07-06 15:29:39');
INSERT INTO `gen_table_column` VALUES (75, 14, 'handler_id', '处理人id', 'bigint', 'Long', 'handlerId', '0', '0', '1', '1', '1', '1', '1', 'EQ', 'input', '', 5, 'admin', '2024-07-05 21:52:28', '', '2024-07-06 15:29:39');
INSERT INTO `gen_table_column` VALUES (87, 17, 'id', '非星级酒店id', 'int', 'Long', 'id', '1', '0', NULL, '0', NULL, NULL, NULL, 'EQ', 'input', '', 1, 'admin', '2024-07-05 21:52:28', '', '2024-07-06 15:29:49');
INSERT INTO `gen_table_column` VALUES (88, 17, 'name', '酒店名称', 'varchar(255)', 'String', 'name', '0', '0', '1', '1', '1', '1', '1', 'LIKE', 'input', '', 2, 'admin', '2024-07-05 21:52:28', '', '2024-07-06 15:29:49');
INSERT INTO `gen_table_column` VALUES (89, 17, 'min_price', '最低价', 'decimal(10,2)', 'BigDecimal', 'minPrice', '0', '0', '1', '1', '1', '1', '0', 'EQ', 'input', '', 3, 'admin', '2024-07-05 21:52:28', '', '2024-07-06 15:29:49');
INSERT INTO `gen_table_column` VALUES (90, 17, 'total_quantity', '总剩余量', 'int', 'Long', 'totalQuantity', '0', '0', '1', '1', '1', '1', '0', 'EQ', 'input', '', 4, 'admin', '2024-07-05 21:52:28', '', '2024-07-06 15:29:49');
INSERT INTO `gen_table_column` VALUES (91, 17, 'address', '地址', 'varchar(255)', 'String', 'address', '0', '0', '1', '1', '1', '1', '0', 'EQ', 'input', '', 5, 'admin', '2024-07-05 21:52:28', '', '2024-07-06 15:29:49');
INSERT INTO `gen_table_column` VALUES (92, 18, 'id', '餐饮娱乐评价id', 'int', 'Long', 'id', '1', '0', NULL, '0', NULL, NULL, NULL, 'EQ', 'input', '', 1, 'admin', '2024-07-05 21:52:28', '', '2024-07-06 15:29:57');
INSERT INTO `gen_table_column` VALUES (93, 18, 'dining_entertainment_id', '餐饮娱乐id', 'int', 'Long', 'diningEntertainmentId', '0', '0', NULL, '1', '1', '1', '1', 'EQ', 'input', '', 2, 'admin', '2024-07-05 21:52:28', '', '2024-07-06 15:29:57');
INSERT INTO `gen_table_column` VALUES (94, 18, 'content', '内容', 'varchar(255)', 'String', 'content', '0', '0', '1', '1', '1', '1', '0', 'EQ', 'editor', '', 3, 'admin', '2024-07-05 21:52:28', '', '2024-07-06 15:29:57');
INSERT INTO `gen_table_column` VALUES (95, 18, 'guest_name', '用户id', 'bigint', 'Long', 'guestName', '0', '0', '1', '1', '1', '1', '1', 'LIKE', 'input', '', 4, 'admin', '2024-07-05 21:52:28', '', '2024-07-06 15:29:57');
INSERT INTO `gen_table_column` VALUES (96, 18, 'rating', '评分', 'int', 'Long', 'rating', '0', '0', '1', '1', '1', '1', '0', 'EQ', 'input', '', 5, 'admin', '2024-07-05 21:52:28', '', '2024-07-06 15:29:57');
INSERT INTO `gen_table_column` VALUES (100, 20, 'id', '非星级酒店评价id', 'int', 'Long', 'id', '1', '0', NULL, '0', NULL, NULL, NULL, 'EQ', 'input', '', 1, 'admin', '2024-07-05 23:19:38', '', '2024-07-06 15:30:08');
INSERT INTO `gen_table_column` VALUES (101, 20, 'hotel_id', '酒店id', 'int', 'Long', 'hotelId', '0', '0', NULL, '1', '1', '1', '1', 'EQ', 'input', '', 2, 'admin', '2024-07-05 23:19:38', '', '2024-07-06 15:30:08');
INSERT INTO `gen_table_column` VALUES (102, 20, 'content', '内容', 'varchar(255)', 'String', 'content', '0', '0', '1', '1', '1', '1', '0', 'EQ', 'editor', '', 3, 'admin', '2024-07-05 23:19:38', '', '2024-07-06 15:30:08');
INSERT INTO `gen_table_column` VALUES (103, 20, 'guest_id', '用户id', 'bigint', 'Long', 'guestId', '0', '0', '1', '1', '1', '1', '0', 'EQ', 'input', '', 4, 'admin', '2024-07-05 23:19:38', '', '2024-07-06 15:30:08');
INSERT INTO `gen_table_column` VALUES (104, 20, 'rating', '评分', 'int', 'Long', 'rating', '0', '0', '1', '1', '1', '1', '0', 'EQ', 'input', '', 5, 'admin', '2024-07-05 23:19:38', '', '2024-07-06 15:30:08');
INSERT INTO `gen_table_column` VALUES (105, 21, 'id', '星级酒店评价id', 'int', 'Long', 'id', '1', '0', NULL, '0', NULL, NULL, NULL, 'EQ', 'input', '', 1, 'admin', '2024-07-05 23:19:38', '', '2024-07-06 15:30:19');
INSERT INTO `gen_table_column` VALUES (106, 21, 'hotel_id', '酒店id', 'int', 'Long', 'hotelId', '0', '0', NULL, '1', '1', '1', '1', 'EQ', 'input', '', 2, 'admin', '2024-07-05 23:19:38', '', '2024-07-06 15:30:19');
INSERT INTO `gen_table_column` VALUES (107, 21, 'content', '内容', 'varchar(255)', 'String', 'content', '0', '0', '1', '1', '1', '1', '0', 'EQ', 'editor', '', 3, 'admin', '2024-07-05 23:19:38', '', '2024-07-06 15:30:19');
INSERT INTO `gen_table_column` VALUES (108, 21, 'guest_id', '用户id', 'bigint', 'Long', 'guestId', '0', '0', '1', '1', '1', '1', '0', 'EQ', 'input', '', 4, 'admin', '2024-07-05 23:19:38', '', '2024-07-06 15:30:19');
INSERT INTO `gen_table_column` VALUES (109, 21, 'rating', '评分', 'int', 'Long', 'rating', '0', '0', '1', '1', '1', '1', '0', 'EQ', 'input', '', 5, 'admin', '2024-07-05 23:19:38', '', '2024-07-06 15:30:19');
INSERT INTO `gen_table_column` VALUES (110, 22, 'id', '非星级酒店预定id', 'int', 'Long', 'id', '1', '0', NULL, '0', NULL, NULL, NULL, 'EQ', 'input', '', 1, 'admin', '2024-07-05 23:40:05', '', '2024-07-06 15:30:27');
INSERT INTO `gen_table_column` VALUES (111, 22, 'hotel_id', '酒店id', 'int', 'Long', 'hotelId', '0', '0', '1', '1', '1', '1', '1', 'EQ', 'input', '', 2, 'admin', '2024-07-05 23:40:05', '', '2024-07-06 15:30:27');
INSERT INTO `gen_table_column` VALUES (112, 22, 'room_type_id', '房型id', 'int', 'Long', 'roomTypeId', '0', '0', '1', '1', '1', '1', '0', 'EQ', 'input', '', 3, 'admin', '2024-07-05 23:40:05', '', '2024-07-06 15:30:27');
INSERT INTO `gen_table_column` VALUES (113, 22, 'guest_name', '用户id', 'bigint', 'Long', 'guestName', '0', '0', '1', '1', '1', '1', '1', 'LIKE', 'input', '', 4, 'admin', '2024-07-05 23:40:05', '', '2024-07-06 15:30:27');
INSERT INTO `gen_table_column` VALUES (114, 22, 'contact_number', '联系电话', 'varchar(20)', 'String', 'contactNumber', '0', '0', NULL, '1', '1', '1', '0', 'EQ', 'input', '', 5, 'admin', '2024-07-05 23:40:05', '', '2024-07-06 15:30:27');
INSERT INTO `gen_table_column` VALUES (115, 22, 'recorded', '是否已确认', 'tinyint(1)', 'Integer', 'recorded', '0', '0', NULL, '1', '1', '1', '0', 'EQ', 'input', '', 6, 'admin', '2024-07-05 23:40:05', '', '2024-07-06 15:30:27');
INSERT INTO `gen_table_column` VALUES (116, 23, 'id', '星级酒店预定id', 'int', 'Long', 'id', '1', '0', NULL, '0', NULL, NULL, NULL, 'EQ', 'input', '', 1, 'admin', '2024-07-05 23:40:05', '', '2024-07-06 15:30:36');
INSERT INTO `gen_table_column` VALUES (117, 23, 'hotel_id', '酒店id', 'int', 'Long', 'hotelId', '0', '0', '1', '1', '1', '1', '1', 'EQ', 'input', '', 2, 'admin', '2024-07-05 23:40:05', '', '2024-07-06 15:30:36');
INSERT INTO `gen_table_column` VALUES (118, 23, 'room_type_id', '房型id', 'int', 'Long', 'roomTypeId', '0', '0', '1', '1', '1', '1', '0', 'EQ', 'input', '', 3, 'admin', '2024-07-05 23:40:05', '', '2024-07-06 15:30:36');
INSERT INTO `gen_table_column` VALUES (119, 23, 'guest_name', '用户id', 'bigint', 'Long', 'guestName', '0', '0', '1', '1', '1', '1', '1', 'LIKE', 'input', '', 4, 'admin', '2024-07-05 23:40:05', '', '2024-07-06 15:30:36');
INSERT INTO `gen_table_column` VALUES (120, 23, 'contact_number', '联系电话', 'varchar(20)', 'String', 'contactNumber', '0', '0', NULL, '1', '1', '1', '0', 'EQ', 'input', '', 5, 'admin', '2024-07-05 23:40:05', '', '2024-07-06 15:30:36');
INSERT INTO `gen_table_column` VALUES (121, 23, 'recorded', '是否已确认', 'tinyint(1)', 'Integer', 'recorded', '0', '0', NULL, '1', '1', '1', '0', 'EQ', 'input', '', 6, 'admin', '2024-07-05 23:40:05', '', '2024-07-06 15:30:36');
INSERT INTO `gen_table_column` VALUES (122, 24, 'id', '景点id', 'bigint', 'Long', 'id', '1', '0', NULL, '0', NULL, NULL, NULL, 'EQ', 'input', '', 1, 'admin', '2024-07-05 23:59:26', '', '2024-07-06 15:30:45');
INSERT INTO `gen_table_column` VALUES (123, 24, 'scenic_area_id', '景区id', 'int', 'Long', 'scenicAreaId', '0', '0', NULL, '1', '1', '1', '0', 'EQ', 'input', '', 2, 'admin', '2024-07-05 23:59:26', '', '2024-07-06 15:30:45');
INSERT INTO `gen_table_column` VALUES (124, 24, 'address', '地址', 'varchar(255)', 'String', 'address', '0', '0', '1', '1', '1', '1', '1', 'EQ', 'input', '', 3, 'admin', '2024-07-05 23:59:26', '', '2024-07-06 15:30:45');
INSERT INTO `gen_table_column` VALUES (125, 24, 'name', '景点名称', 'varchar(50)', 'String', 'name', '0', '0', NULL, '1', '1', '1', '1', 'LIKE', 'input', '', 4, 'admin', '2024-07-05 23:59:26', '', '2024-07-06 15:30:45');

-- ----------------------------
-- Table structure for handlingresults
-- ----------------------------
DROP TABLE IF EXISTS `handlingresults`;
CREATE TABLE `handlingresults`  (
  `id` int NOT NULL,
  `complaint_id` int NOT NULL,
  `result` text CHARACTER SET utf8mb4 COLLATE utf8mb4_0900_ai_ci NOT NULL,
  `handle_time` datetime NOT NULL DEFAULT CURRENT_TIMESTAMP,
  `handler_id` bigint NOT NULL,
  PRIMARY KEY (`id`) USING BTREE,
  INDEX `complaint_id`(`complaint_id` ASC) USING BTREE,
  INDEX `handler_id`(`handler_id` ASC) USING BTREE,
  CONSTRAINT `handler_id` FOREIGN KEY (`handler_id`) REFERENCES `sys_user` (`user_id`) ON DELETE RESTRICT ON UPDATE RESTRICT,
  CONSTRAINT `handlingresults_ibfk_1` FOREIGN KEY (`complaint_id`) REFERENCES `complaints` (`id`) ON DELETE RESTRICT ON UPDATE RESTRICT
) ENGINE = InnoDB CHARACTER SET = utf8mb4 COLLATE = utf8mb4_0900_ai_ci ROW_FORMAT = Dynamic;

-- ----------------------------
-- Records of handlingresults
-- ----------------------------

-- ----------------------------
-- Table structure for nonstarbookings
-- ----------------------------
DROP TABLE IF EXISTS `nonstarbookings`;
CREATE TABLE `nonstarbookings`  (
  `id` int NOT NULL,
  `hotel_id` int NOT NULL,
  `room_type_id` int NOT NULL,
  `guest_name` bigint NOT NULL,
  `contact_number` varchar(20) CHARACTER SET utf8mb4 COLLATE utf8mb4_0900_ai_ci NULL DEFAULT NULL,
  `recorded` tinyint(1) NULL DEFAULT NULL,
  PRIMARY KEY (`id`) USING BTREE,
  INDEX `hotel_id`(`hotel_id` ASC) USING BTREE,
  INDEX `room_type_id`(`room_type_id` ASC) USING BTREE,
  INDEX `non_booking_guest_id`(`guest_name` ASC) USING BTREE,
  CONSTRAINT `non_booking_guest_id` FOREIGN KEY (`guest_name`) REFERENCES `sys_user` (`user_id`) ON DELETE RESTRICT ON UPDATE RESTRICT,
  CONSTRAINT `nonstarbookings_ibfk_1` FOREIGN KEY (`hotel_id`) REFERENCES `nonstarhotels` (`id`) ON DELETE RESTRICT ON UPDATE RESTRICT,
  CONSTRAINT `nonstarbookings_ibfk_2` FOREIGN KEY (`room_type_id`) REFERENCES `nonstarroomtypes` (`id`) ON DELETE RESTRICT ON UPDATE RESTRICT
) ENGINE = InnoDB CHARACTER SET = utf8mb4 COLLATE = utf8mb4_0900_ai_ci ROW_FORMAT = Dynamic;

-- ----------------------------
-- Records of nonstarbookings
-- ----------------------------

-- ----------------------------
-- Table structure for nonstarhotel_reviews
-- ----------------------------
DROP TABLE IF EXISTS `nonstarhotel_reviews`;
CREATE TABLE `nonstarhotel_reviews`  (
  `id` int NOT NULL,
  `hotel_id` int NULL DEFAULT NULL,
  `content` varchar(255) CHARACTER SET utf8mb4 COLLATE utf8mb4_0900_ai_ci NOT NULL,
  `guest_id` bigint NOT NULL,
  `rating` int NOT NULL,
  PRIMARY KEY (`id`) USING BTREE,
  INDEX `hotel_id`(`hotel_id` ASC) USING BTREE,
  INDEX `non_star_guest_id`(`guest_id` ASC) USING BTREE,
  CONSTRAINT `non_star_guest_id` FOREIGN KEY (`guest_id`) REFERENCES `sys_user` (`user_id`) ON DELETE RESTRICT ON UPDATE RESTRICT,
  CONSTRAINT `nonstarhotel_reviews_ibfk_1` FOREIGN KEY (`hotel_id`) REFERENCES `nonstarhotels` (`id`) ON DELETE RESTRICT ON UPDATE RESTRICT
) ENGINE = InnoDB CHARACTER SET = utf8mb4 COLLATE = utf8mb4_0900_ai_ci ROW_FORMAT = Dynamic;

-- ----------------------------
-- Records of nonstarhotel_reviews
-- ----------------------------

-- ----------------------------
-- Table structure for nonstarhotels
-- ----------------------------
DROP TABLE IF EXISTS `nonstarhotels`;
CREATE TABLE `nonstarhotels`  (
  `id` int NOT NULL,
  `name` varchar(255) CHARACTER SET utf8mb4 COLLATE utf8mb4_0900_ai_ci NOT NULL,
  `min_price` decimal(10, 2) NOT NULL,
  `total_quantity` int NOT NULL,
  `address` varchar(255) CHARACTER SET utf8mb4 COLLATE utf8mb4_0900_ai_ci NOT NULL,
  PRIMARY KEY (`id`) USING BTREE
) ENGINE = InnoDB CHARACTER SET = utf8mb4 COLLATE = utf8mb4_0900_ai_ci ROW_FORMAT = Dynamic;

-- ----------------------------
-- Records of nonstarhotels
-- ----------------------------

-- ----------------------------
-- Table structure for nonstarmarketingrecords
-- ----------------------------
DROP TABLE IF EXISTS `nonstarmarketingrecords`;
CREATE TABLE `nonstarmarketingrecords`  (
  `id` int NOT NULL,
  `hotel_id` int NOT NULL,
  `room_type_id` int NOT NULL,
  `total_sales` int NULL DEFAULT NULL,
  PRIMARY KEY (`id`) USING BTREE,
  INDEX `hotel_id`(`hotel_id` ASC) USING BTREE,
  INDEX `room_type_id`(`room_type_id` ASC) USING BTREE,
  CONSTRAINT `nonstarmarketingrecords_ibfk_1` FOREIGN KEY (`hotel_id`) REFERENCES `nonstarhotels` (`id`) ON DELETE RESTRICT ON UPDATE RESTRICT,
  CONSTRAINT `nonstarmarketingrecords_ibfk_2` FOREIGN KEY (`room_type_id`) REFERENCES `nonstarroomtypes` (`id`) ON DELETE RESTRICT ON UPDATE RESTRICT
) ENGINE = InnoDB CHARACTER SET = utf8mb4 COLLATE = utf8mb4_0900_ai_ci ROW_FORMAT = Dynamic;

-- ----------------------------
-- Records of nonstarmarketingrecords
-- ----------------------------

-- ----------------------------
-- Table structure for nonstarroomtypes
-- ----------------------------
DROP TABLE IF EXISTS `nonstarroomtypes`;
CREATE TABLE `nonstarroomtypes`  (
  `id` int NOT NULL,
  `hotel_id` int NULL DEFAULT NULL,
  `name` varchar(255) CHARACTER SET utf8mb4 COLLATE utf8mb4_0900_ai_ci NOT NULL,
  `price` decimal(10, 2) NOT NULL,
  `quantity` int NOT NULL,
  `sales` int NULL DEFAULT NULL,
  PRIMARY KEY (`id`) USING BTREE,
  INDEX `hotel_id`(`hotel_id` ASC) USING BTREE,
  CONSTRAINT `nonstarroomtypes_ibfk_1` FOREIGN KEY (`hotel_id`) REFERENCES `nonstarhotels` (`id`) ON DELETE RESTRICT ON UPDATE RESTRICT
) ENGINE = InnoDB CHARACTER SET = utf8mb4 COLLATE = utf8mb4_0900_ai_ci ROW_FORMAT = Dynamic;

-- ----------------------------
-- Records of nonstarroomtypes
-- ----------------------------

-- ----------------------------
-- Table structure for performancegroups
-- ----------------------------
DROP TABLE IF EXISTS `performancegroups`;
CREATE TABLE `performancegroups`  (
  `id` int NOT NULL,
  `name` varchar(255) CHARACTER SET utf8mb4 COLLATE utf8mb4_0900_ai_ci NOT NULL,
  `start_time` datetime NOT NULL,
  `duration` int NOT NULL,
  `venue` varchar(255) CHARACTER SET utf8mb4 COLLATE utf8mb4_0900_ai_ci NOT NULL,
  `capacity` int NOT NULL,
  `price` decimal(10, 2) NOT NULL,
  PRIMARY KEY (`id`) USING BTREE
) ENGINE = InnoDB CHARACTER SET = utf8mb4 COLLATE = utf8mb4_0900_ai_ci ROW_FORMAT = Dynamic;

-- ----------------------------
-- Records of performancegroups
-- ----------------------------

-- ----------------------------
-- Table structure for reviews
-- ----------------------------
DROP TABLE IF EXISTS `reviews`;
CREATE TABLE `reviews`  (
  `id` int NOT NULL,
  `dining_entertainment_id` int NULL DEFAULT NULL,
  `content` varchar(255) CHARACTER SET utf8mb4 COLLATE utf8mb4_0900_ai_ci NOT NULL,
  `guest_name` bigint NOT NULL,
  `rating` int NOT NULL,
  PRIMARY KEY (`id`) USING BTREE,
  INDEX `dining_entertainment_id`(`dining_entertainment_id` ASC) USING BTREE,
  INDEX `guest_id`(`guest_name` ASC) USING BTREE,
  CONSTRAINT `guest_id` FOREIGN KEY (`guest_name`) REFERENCES `sys_user` (`user_id`) ON DELETE RESTRICT ON UPDATE RESTRICT,
  CONSTRAINT `reviews_ibfk_1` FOREIGN KEY (`dining_entertainment_id`) REFERENCES `diningentertainment` (`id`) ON DELETE RESTRICT ON UPDATE RESTRICT
) ENGINE = InnoDB CHARACTER SET = utf8mb4 COLLATE = utf8mb4_0900_ai_ci ROW_FORMAT = Dynamic;

-- ----------------------------
-- Records of reviews
-- ----------------------------

-- ----------------------------
-- Table structure for scenicareas
-- ----------------------------
DROP TABLE IF EXISTS `scenicareas`;
CREATE TABLE `scenicareas`  (
  `id` int NOT NULL,
  `city` varchar(255) CHARACTER SET utf8mb4 COLLATE utf8mb4_0900_ai_ci NOT NULL,
  `name` varchar(255) CHARACTER SET utf8mb4 COLLATE utf8mb4_0900_ai_ci NOT NULL,
  `address` varchar(255) CHARACTER SET utf8mb4 COLLATE utf8mb4_0900_ai_ci NOT NULL,
  PRIMARY KEY (`id`) USING BTREE
) ENGINE = InnoDB CHARACTER SET = utf8mb4 COLLATE = utf8mb4_0900_ai_ci ROW_FORMAT = Dynamic;

-- ----------------------------
-- Records of scenicareas
-- ----------------------------

-- ----------------------------
-- Table structure for scenicspots
-- ----------------------------
DROP TABLE IF EXISTS `scenicspots`;
CREATE TABLE `scenicspots`  (
  `id` bigint NOT NULL,
  `scenic_area_id` int NULL DEFAULT NULL,
  `address` varchar(255) CHARACTER SET utf8mb4 COLLATE utf8mb4_0900_ai_ci NOT NULL,
  `name` varchar(50) CHARACTER SET utf8mb4 COLLATE utf8mb4_0900_ai_ci NULL DEFAULT NULL COMMENT '景点名称',
  PRIMARY KEY (`id`) USING BTREE,
  INDEX `scenic_area_id`(`scenic_area_id` ASC) USING BTREE,
  CONSTRAINT `scenicspots_ibfk_1` FOREIGN KEY (`scenic_area_id`) REFERENCES `scenicareas` (`id`) ON DELETE RESTRICT ON UPDATE RESTRICT
) ENGINE = InnoDB CHARACTER SET = utf8mb4 COLLATE = utf8mb4_0900_ai_ci ROW_FORMAT = Dynamic;

-- ----------------------------
-- Records of scenicspots
-- ----------------------------

-- ----------------------------
-- Table structure for starbookings
-- ----------------------------
DROP TABLE IF EXISTS `starbookings`;
CREATE TABLE `starbookings`  (
  `id` int NOT NULL,
  `hotel_id` int NOT NULL,
  `room_type_id` int NOT NULL,
  `guest_name` bigint NOT NULL,
  `contact_number` varchar(20) CHARACTER SET utf8mb4 COLLATE utf8mb4_0900_ai_ci NULL DEFAULT NULL,
  `recorded` tinyint(1) NULL DEFAULT NULL,
  PRIMARY KEY (`id`) USING BTREE,
  INDEX `hotel_id`(`hotel_id` ASC) USING BTREE,
  INDEX `room_type_id`(`room_type_id` ASC) USING BTREE,
  INDEX `star_booking_guest_id`(`guest_name` ASC) USING BTREE,
  CONSTRAINT `star_booking_guest_id` FOREIGN KEY (`guest_name`) REFERENCES `sys_user` (`user_id`) ON DELETE RESTRICT ON UPDATE RESTRICT,
  CONSTRAINT `starbookings_ibfk_1` FOREIGN KEY (`hotel_id`) REFERENCES `starhotels` (`id`) ON DELETE RESTRICT ON UPDATE RESTRICT,
  CONSTRAINT `starbookings_ibfk_2` FOREIGN KEY (`room_type_id`) REFERENCES `starroomtypes` (`id`) ON DELETE RESTRICT ON UPDATE RESTRICT
) ENGINE = InnoDB CHARACTER SET = utf8mb4 COLLATE = utf8mb4_0900_ai_ci ROW_FORMAT = Dynamic;

-- ----------------------------
-- Records of starbookings
-- ----------------------------

-- ----------------------------
-- Table structure for starhotelreviews
-- ----------------------------
DROP TABLE IF EXISTS `starhotelreviews`;
CREATE TABLE `starhotelreviews`  (
  `id` int NOT NULL,
  `hotel_id` int NULL DEFAULT NULL,
  `content` varchar(255) CHARACTER SET utf8mb4 COLLATE utf8mb4_0900_ai_ci NOT NULL,
  `guest_id` bigint NOT NULL,
  `rating` int NOT NULL,
  PRIMARY KEY (`id`) USING BTREE,
  INDEX `hotel_id`(`hotel_id` ASC) USING BTREE,
  INDEX `star_guest_id`(`guest_id` ASC) USING BTREE,
  CONSTRAINT `star_guest_id` FOREIGN KEY (`guest_id`) REFERENCES `sys_user` (`user_id`) ON DELETE RESTRICT ON UPDATE RESTRICT,
  CONSTRAINT `starhotelreviews_ibfk_1` FOREIGN KEY (`hotel_id`) REFERENCES `starhotels` (`id`) ON DELETE RESTRICT ON UPDATE RESTRICT
) ENGINE = InnoDB CHARACTER SET = utf8mb4 COLLATE = utf8mb4_0900_ai_ci ROW_FORMAT = Dynamic;

-- ----------------------------
-- Records of starhotelreviews
-- ----------------------------

-- ----------------------------
-- Table structure for starhotels
-- ----------------------------
DROP TABLE IF EXISTS `starhotels`;
CREATE TABLE `starhotels`  (
  `id` int NOT NULL,
  `name` varchar(255) CHARACTER SET utf8mb4 COLLATE utf8mb4_0900_ai_ci NOT NULL,
  `star_level` int NOT NULL,
  `min_price` int NOT NULL,
  `total_quantity` int NOT NULL,
  `address` varchar(255) CHARACTER SET utf8mb4 COLLATE utf8mb4_0900_ai_ci NOT NULL,
  PRIMARY KEY (`id`) USING BTREE
) ENGINE = InnoDB CHARACTER SET = utf8mb4 COLLATE = utf8mb4_0900_ai_ci ROW_FORMAT = Dynamic;

-- ----------------------------
-- Records of starhotels
-- ----------------------------

-- ----------------------------
-- Table structure for starmarketingrecords
-- ----------------------------
DROP TABLE IF EXISTS `starmarketingrecords`;
CREATE TABLE `starmarketingrecords`  (
  `id` int NOT NULL,
  `hotel_id` int NOT NULL,
  `room_type_id` int NOT NULL,
  `total_sales` int NULL DEFAULT NULL,
  PRIMARY KEY (`id`) USING BTREE,
  INDEX `hotel_id`(`hotel_id` ASC) USING BTREE,
  INDEX `room_type_id`(`room_type_id` ASC) USING BTREE,
  CONSTRAINT `starmarketingrecords_ibfk_1` FOREIGN KEY (`hotel_id`) REFERENCES `starhotels` (`id`) ON DELETE RESTRICT ON UPDATE RESTRICT,
  CONSTRAINT `starmarketingrecords_ibfk_2` FOREIGN KEY (`room_type_id`) REFERENCES `starroomtypes` (`id`) ON DELETE RESTRICT ON UPDATE RESTRICT
) ENGINE = InnoDB CHARACTER SET = utf8mb4 COLLATE = utf8mb4_0900_ai_ci ROW_FORMAT = Dynamic;

-- ----------------------------
-- Records of starmarketingrecords
-- ----------------------------

-- ----------------------------
-- Table structure for starroomtypes
-- ----------------------------
DROP TABLE IF EXISTS `starroomtypes`;
CREATE TABLE `starroomtypes`  (
  `id` int NOT NULL,
  `hotel_id` int NULL DEFAULT NULL,
  `name` varchar(255) CHARACTER SET utf8mb4 COLLATE utf8mb4_0900_ai_ci NOT NULL,
  `price` int NOT NULL,
  `quantity` int NOT NULL,
  `sales` int NULL DEFAULT NULL,
  PRIMARY KEY (`id`) USING BTREE,
  INDEX `hotel_id`(`hotel_id` ASC) USING BTREE,
  CONSTRAINT `starroomtypes_ibfk_1` FOREIGN KEY (`hotel_id`) REFERENCES `starhotels` (`id`) ON DELETE RESTRICT ON UPDATE RESTRICT
) ENGINE = InnoDB CHARACTER SET = utf8mb4 COLLATE = utf8mb4_0900_ai_ci ROW_FORMAT = Dynamic;

-- ----------------------------
-- Records of starroomtypes
-- ----------------------------

-- ----------------------------
-- Table structure for sys_config
-- ----------------------------
DROP TABLE IF EXISTS `sys_config`;
CREATE TABLE `sys_config`  (
  `config_id` int NOT NULL AUTO_INCREMENT COMMENT '参数主键',
  `config_name` varchar(100) CHARACTER SET utf8mb4 COLLATE utf8mb4_0900_ai_ci NULL DEFAULT '' COMMENT '参数名称',
  `config_key` varchar(100) CHARACTER SET utf8mb4 COLLATE utf8mb4_0900_ai_ci NULL DEFAULT '' COMMENT '参数键名',
  `config_value` varchar(500) CHARACTER SET utf8mb4 COLLATE utf8mb4_0900_ai_ci NULL DEFAULT '' COMMENT '参数键值',
  `config_type` char(1) CHARACTER SET utf8mb4 COLLATE utf8mb4_0900_ai_ci NULL DEFAULT 'N' COMMENT '系统内置（Y是 N否）',
  `create_by` varchar(64) CHARACTER SET utf8mb4 COLLATE utf8mb4_0900_ai_ci NULL DEFAULT '' COMMENT '创建者',
  `create_time` datetime NULL DEFAULT NULL COMMENT '创建时间',
  `update_by` varchar(64) CHARACTER SET utf8mb4 COLLATE utf8mb4_0900_ai_ci NULL DEFAULT '' COMMENT '更新者',
  `update_time` datetime NULL DEFAULT NULL COMMENT '更新时间',
  `remark` varchar(500) CHARACTER SET utf8mb4 COLLATE utf8mb4_0900_ai_ci NULL DEFAULT NULL COMMENT '备注',
  PRIMARY KEY (`config_id`) USING BTREE
) ENGINE = InnoDB AUTO_INCREMENT = 100 CHARACTER SET = utf8mb4 COLLATE = utf8mb4_0900_ai_ci COMMENT = '参数配置表' ROW_FORMAT = Dynamic;

-- ----------------------------
-- Records of sys_config
-- ----------------------------
INSERT INTO `sys_config` VALUES (1, '主框架页-默认皮肤样式名称', 'sys.index.skinName', 'skin-blue', 'Y', 'admin', '2024-07-05 20:36:45', '', NULL, '蓝色 skin-blue、绿色 skin-green、紫色 skin-purple、红色 skin-red、黄色 skin-yellow');
INSERT INTO `sys_config` VALUES (2, '用户管理-账号初始密码', 'sys.user.initPassword', '123456', 'Y', 'admin', '2024-07-05 20:36:45', '', NULL, '初始化密码 123456');
INSERT INTO `sys_config` VALUES (3, '主框架页-侧边栏主题', 'sys.index.sideTheme', 'theme-dark', 'Y', 'admin', '2024-07-05 20:36:45', '', NULL, '深色主题theme-dark，浅色主题theme-light');
INSERT INTO `sys_config` VALUES (4, '账号自助-是否开启用户注册功能', 'sys.account.registerUser', 'false', 'Y', 'admin', '2024-07-05 20:36:45', '', NULL, '是否开启注册用户功能（true开启，false关闭）');
INSERT INTO `sys_config` VALUES (5, '用户登录-黑名单列表', 'sys.login.blackIPList', '', 'Y', 'admin', '2024-07-05 20:36:45', '', NULL, '设置登录IP黑名单限制，多个匹配项以;分隔，支持匹配（*通配、网段）');

-- ----------------------------
-- Table structure for sys_dept
-- ----------------------------
DROP TABLE IF EXISTS `sys_dept`;
CREATE TABLE `sys_dept`  (
  `dept_id` bigint NOT NULL AUTO_INCREMENT COMMENT '部门id',
  `parent_id` bigint NULL DEFAULT 0 COMMENT '父部门id',
  `ancestors` varchar(50) CHARACTER SET utf8mb4 COLLATE utf8mb4_0900_ai_ci NULL DEFAULT '' COMMENT '祖级列表',
  `dept_name` varchar(30) CHARACTER SET utf8mb4 COLLATE utf8mb4_0900_ai_ci NULL DEFAULT '' COMMENT '部门名称',
  `order_num` int NULL DEFAULT 0 COMMENT '显示顺序',
  `leader` varchar(20) CHARACTER SET utf8mb4 COLLATE utf8mb4_0900_ai_ci NULL DEFAULT NULL COMMENT '负责人',
  `phone` varchar(11) CHARACTER SET utf8mb4 COLLATE utf8mb4_0900_ai_ci NULL DEFAULT NULL COMMENT '联系电话',
  `email` varchar(50) CHARACTER SET utf8mb4 COLLATE utf8mb4_0900_ai_ci NULL DEFAULT NULL COMMENT '邮箱',
  `status` char(1) CHARACTER SET utf8mb4 COLLATE utf8mb4_0900_ai_ci NULL DEFAULT '0' COMMENT '部门状态（0正常 1停用）',
  `del_flag` char(1) CHARACTER SET utf8mb4 COLLATE utf8mb4_0900_ai_ci NULL DEFAULT '0' COMMENT '删除标志（0代表存在 2代表删除）',
  `create_by` varchar(64) CHARACTER SET utf8mb4 COLLATE utf8mb4_0900_ai_ci NULL DEFAULT '' COMMENT '创建者',
  `create_time` datetime NULL DEFAULT NULL COMMENT '创建时间',
  `update_by` varchar(64) CHARACTER SET utf8mb4 COLLATE utf8mb4_0900_ai_ci NULL DEFAULT '' COMMENT '更新者',
  `update_time` datetime NULL DEFAULT NULL COMMENT '更新时间',
  PRIMARY KEY (`dept_id`) USING BTREE
) ENGINE = InnoDB AUTO_INCREMENT = 200 CHARACTER SET = utf8mb4 COLLATE = utf8mb4_0900_ai_ci COMMENT = '部门表' ROW_FORMAT = Dynamic;

-- ----------------------------
-- Records of sys_dept
-- ----------------------------
INSERT INTO `sys_dept` VALUES (100, 0, '0', '若依科技', 0, '若依', '15888888888', 'ry@qq.com', '0', '0', 'admin', '2024-07-05 20:36:44', '', NULL);
INSERT INTO `sys_dept` VALUES (101, 100, '0,100', '深圳总公司', 1, '若依', '15888888888', 'ry@qq.com', '0', '0', 'admin', '2024-07-05 20:36:44', '', NULL);
INSERT INTO `sys_dept` VALUES (102, 100, '0,100', '长沙分公司', 2, '若依', '15888888888', 'ry@qq.com', '0', '0', 'admin', '2024-07-05 20:36:44', '', NULL);
INSERT INTO `sys_dept` VALUES (103, 101, '0,100,101', '研发部门', 1, '若依', '15888888888', 'ry@qq.com', '0', '0', 'admin', '2024-07-05 20:36:44', '', NULL);
INSERT INTO `sys_dept` VALUES (104, 101, '0,100,101', '市场部门', 2, '若依', '15888888888', 'ry@qq.com', '0', '0', 'admin', '2024-07-05 20:36:44', '', NULL);
INSERT INTO `sys_dept` VALUES (105, 101, '0,100,101', '测试部门', 3, '若依', '15888888888', 'ry@qq.com', '0', '0', 'admin', '2024-07-05 20:36:44', '', NULL);
INSERT INTO `sys_dept` VALUES (106, 101, '0,100,101', '财务部门', 4, '若依', '15888888888', 'ry@qq.com', '0', '0', 'admin', '2024-07-05 20:36:44', '', NULL);
INSERT INTO `sys_dept` VALUES (107, 101, '0,100,101', '运维部门', 5, '若依', '15888888888', 'ry@qq.com', '0', '0', 'admin', '2024-07-05 20:36:44', '', NULL);
INSERT INTO `sys_dept` VALUES (108, 102, '0,100,102', '市场部门', 1, '若依', '15888888888', 'ry@qq.com', '0', '0', 'admin', '2024-07-05 20:36:44', '', NULL);
INSERT INTO `sys_dept` VALUES (109, 102, '0,100,102', '财务部门', 2, '若依', '15888888888', 'ry@qq.com', '0', '0', 'admin', '2024-07-05 20:36:44', '', NULL);

-- ----------------------------
-- Table structure for sys_dict_data
-- ----------------------------
DROP TABLE IF EXISTS `sys_dict_data`;
CREATE TABLE `sys_dict_data`  (
  `dict_code` bigint NOT NULL AUTO_INCREMENT COMMENT '字典编码',
  `dict_sort` int NULL DEFAULT 0 COMMENT '字典排序',
  `dict_label` varchar(100) CHARACTER SET utf8mb4 COLLATE utf8mb4_0900_ai_ci NULL DEFAULT '' COMMENT '字典标签',
  `dict_value` varchar(100) CHARACTER SET utf8mb4 COLLATE utf8mb4_0900_ai_ci NULL DEFAULT '' COMMENT '字典键值',
  `dict_type` varchar(100) CHARACTER SET utf8mb4 COLLATE utf8mb4_0900_ai_ci NULL DEFAULT '' COMMENT '字典类型',
  `css_class` varchar(100) CHARACTER SET utf8mb4 COLLATE utf8mb4_0900_ai_ci NULL DEFAULT NULL COMMENT '样式属性（其他样式扩展）',
  `list_class` varchar(100) CHARACTER SET utf8mb4 COLLATE utf8mb4_0900_ai_ci NULL DEFAULT NULL COMMENT '表格回显样式',
  `is_default` char(1) CHARACTER SET utf8mb4 COLLATE utf8mb4_0900_ai_ci NULL DEFAULT 'N' COMMENT '是否默认（Y是 N否）',
  `status` char(1) CHARACTER SET utf8mb4 COLLATE utf8mb4_0900_ai_ci NULL DEFAULT '0' COMMENT '状态（0正常 1停用）',
  `create_by` varchar(64) CHARACTER SET utf8mb4 COLLATE utf8mb4_0900_ai_ci NULL DEFAULT '' COMMENT '创建者',
  `create_time` datetime NULL DEFAULT NULL COMMENT '创建时间',
  `update_by` varchar(64) CHARACTER SET utf8mb4 COLLATE utf8mb4_0900_ai_ci NULL DEFAULT '' COMMENT '更新者',
  `update_time` datetime NULL DEFAULT NULL COMMENT '更新时间',
  `remark` varchar(500) CHARACTER SET utf8mb4 COLLATE utf8mb4_0900_ai_ci NULL DEFAULT NULL COMMENT '备注',
  PRIMARY KEY (`dict_code`) USING BTREE
) ENGINE = InnoDB AUTO_INCREMENT = 100 CHARACTER SET = utf8mb4 COLLATE = utf8mb4_0900_ai_ci COMMENT = '字典数据表' ROW_FORMAT = Dynamic;

-- ----------------------------
-- Records of sys_dict_data
-- ----------------------------
INSERT INTO `sys_dict_data` VALUES (1, 1, '男', '0', 'sys_user_sex', '', '', 'Y', '0', 'admin', '2024-07-05 20:36:45', '', NULL, '性别男');
INSERT INTO `sys_dict_data` VALUES (2, 2, '女', '1', 'sys_user_sex', '', '', 'N', '0', 'admin', '2024-07-05 20:36:45', '', NULL, '性别女');
INSERT INTO `sys_dict_data` VALUES (3, 3, '未知', '2', 'sys_user_sex', '', '', 'N', '0', 'admin', '2024-07-05 20:36:45', '', NULL, '性别未知');
INSERT INTO `sys_dict_data` VALUES (4, 1, '显示', '0', 'sys_show_hide', '', 'primary', 'Y', '0', 'admin', '2024-07-05 20:36:45', '', NULL, '显示菜单');
INSERT INTO `sys_dict_data` VALUES (5, 2, '隐藏', '1', 'sys_show_hide', '', 'danger', 'N', '0', 'admin', '2024-07-05 20:36:45', '', NULL, '隐藏菜单');
INSERT INTO `sys_dict_data` VALUES (6, 1, '正常', '0', 'sys_normal_disable', '', 'primary', 'Y', '0', 'admin', '2024-07-05 20:36:45', '', NULL, '正常状态');
INSERT INTO `sys_dict_data` VALUES (7, 2, '停用', '1', 'sys_normal_disable', '', 'danger', 'N', '0', 'admin', '2024-07-05 20:36:45', '', NULL, '停用状态');
INSERT INTO `sys_dict_data` VALUES (8, 1, '正常', '0', 'sys_job_status', '', 'primary', 'Y', '0', 'admin', '2024-07-05 20:36:45', '', NULL, '正常状态');
INSERT INTO `sys_dict_data` VALUES (9, 2, '暂停', '1', 'sys_job_status', '', 'danger', 'N', '0', 'admin', '2024-07-05 20:36:45', '', NULL, '停用状态');
INSERT INTO `sys_dict_data` VALUES (10, 1, '默认', 'DEFAULT', 'sys_job_group', '', '', 'Y', '0', 'admin', '2024-07-05 20:36:45', '', NULL, '默认分组');
INSERT INTO `sys_dict_data` VALUES (11, 2, '系统', 'SYSTEM', 'sys_job_group', '', '', 'N', '0', 'admin', '2024-07-05 20:36:45', '', NULL, '系统分组');
INSERT INTO `sys_dict_data` VALUES (12, 1, '是', 'Y', 'sys_yes_no', '', 'primary', 'Y', '0', 'admin', '2024-07-05 20:36:45', '', NULL, '系统默认是');
INSERT INTO `sys_dict_data` VALUES (13, 2, '否', 'N', 'sys_yes_no', '', 'danger', 'N', '0', 'admin', '2024-07-05 20:36:45', '', NULL, '系统默认否');
INSERT INTO `sys_dict_data` VALUES (14, 1, '通知', '1', 'sys_notice_type', '', 'warning', 'Y', '0', 'admin', '2024-07-05 20:36:45', '', NULL, '通知');
INSERT INTO `sys_dict_data` VALUES (15, 2, '公告', '2', 'sys_notice_type', '', 'success', 'N', '0', 'admin', '2024-07-05 20:36:45', '', NULL, '公告');
INSERT INTO `sys_dict_data` VALUES (16, 1, '正常', '0', 'sys_notice_status', '', 'primary', 'Y', '0', 'admin', '2024-07-05 20:36:45', '', NULL, '正常状态');
INSERT INTO `sys_dict_data` VALUES (17, 2, '关闭', '1', 'sys_notice_status', '', 'danger', 'N', '0', 'admin', '2024-07-05 20:36:45', '', NULL, '关闭状态');
INSERT INTO `sys_dict_data` VALUES (18, 99, '其他', '0', 'sys_oper_type', '', 'info', 'N', '0', 'admin', '2024-07-05 20:36:45', '', NULL, '其他操作');
INSERT INTO `sys_dict_data` VALUES (19, 1, '新增', '1', 'sys_oper_type', '', 'info', 'N', '0', 'admin', '2024-07-05 20:36:45', '', NULL, '新增操作');
INSERT INTO `sys_dict_data` VALUES (20, 2, '修改', '2', 'sys_oper_type', '', 'info', 'N', '0', 'admin', '2024-07-05 20:36:45', '', NULL, '修改操作');
INSERT INTO `sys_dict_data` VALUES (21, 3, '删除', '3', 'sys_oper_type', '', 'danger', 'N', '0', 'admin', '2024-07-05 20:36:45', '', NULL, '删除操作');
INSERT INTO `sys_dict_data` VALUES (22, 4, '授权', '4', 'sys_oper_type', '', 'primary', 'N', '0', 'admin', '2024-07-05 20:36:45', '', NULL, '授权操作');
INSERT INTO `sys_dict_data` VALUES (23, 5, '导出', '5', 'sys_oper_type', '', 'warning', 'N', '0', 'admin', '2024-07-05 20:36:45', '', NULL, '导出操作');
INSERT INTO `sys_dict_data` VALUES (24, 6, '导入', '6', 'sys_oper_type', '', 'warning', 'N', '0', 'admin', '2024-07-05 20:36:45', '', NULL, '导入操作');
INSERT INTO `sys_dict_data` VALUES (25, 7, '强退', '7', 'sys_oper_type', '', 'danger', 'N', '0', 'admin', '2024-07-05 20:36:45', '', NULL, '强退操作');
INSERT INTO `sys_dict_data` VALUES (26, 8, '生成代码', '8', 'sys_oper_type', '', 'warning', 'N', '0', 'admin', '2024-07-05 20:36:45', '', NULL, '生成操作');
INSERT INTO `sys_dict_data` VALUES (27, 9, '清空数据', '9', 'sys_oper_type', '', 'danger', 'N', '0', 'admin', '2024-07-05 20:36:45', '', NULL, '清空操作');
INSERT INTO `sys_dict_data` VALUES (28, 1, '成功', '0', 'sys_common_status', '', 'primary', 'N', '0', 'admin', '2024-07-05 20:36:45', '', NULL, '正常状态');
INSERT INTO `sys_dict_data` VALUES (29, 2, '失败', '1', 'sys_common_status', '', 'danger', 'N', '0', 'admin', '2024-07-05 20:36:45', '', NULL, '停用状态');

-- ----------------------------
-- Table structure for sys_dict_type
-- ----------------------------
DROP TABLE IF EXISTS `sys_dict_type`;
CREATE TABLE `sys_dict_type`  (
  `dict_id` bigint NOT NULL AUTO_INCREMENT COMMENT '字典主键',
  `dict_name` varchar(100) CHARACTER SET utf8mb4 COLLATE utf8mb4_0900_ai_ci NULL DEFAULT '' COMMENT '字典名称',
  `dict_type` varchar(100) CHARACTER SET utf8mb4 COLLATE utf8mb4_0900_ai_ci NULL DEFAULT '' COMMENT '字典类型',
  `status` char(1) CHARACTER SET utf8mb4 COLLATE utf8mb4_0900_ai_ci NULL DEFAULT '0' COMMENT '状态（0正常 1停用）',
  `create_by` varchar(64) CHARACTER SET utf8mb4 COLLATE utf8mb4_0900_ai_ci NULL DEFAULT '' COMMENT '创建者',
  `create_time` datetime NULL DEFAULT NULL COMMENT '创建时间',
  `update_by` varchar(64) CHARACTER SET utf8mb4 COLLATE utf8mb4_0900_ai_ci NULL DEFAULT '' COMMENT '更新者',
  `update_time` datetime NULL DEFAULT NULL COMMENT '更新时间',
  `remark` varchar(500) CHARACTER SET utf8mb4 COLLATE utf8mb4_0900_ai_ci NULL DEFAULT NULL COMMENT '备注',
  PRIMARY KEY (`dict_id`) USING BTREE,
  UNIQUE INDEX `dict_type`(`dict_type` ASC) USING BTREE
) ENGINE = InnoDB AUTO_INCREMENT = 100 CHARACTER SET = utf8mb4 COLLATE = utf8mb4_0900_ai_ci COMMENT = '字典类型表' ROW_FORMAT = Dynamic;

-- ----------------------------
-- Records of sys_dict_type
-- ----------------------------
INSERT INTO `sys_dict_type` VALUES (1, '用户性别', 'sys_user_sex', '0', 'admin', '2024-07-05 20:36:45', '', NULL, '用户性别列表');
INSERT INTO `sys_dict_type` VALUES (2, '菜单状态', 'sys_show_hide', '0', 'admin', '2024-07-05 20:36:45', '', NULL, '菜单状态列表');
INSERT INTO `sys_dict_type` VALUES (3, '系统开关', 'sys_normal_disable', '0', 'admin', '2024-07-05 20:36:45', '', NULL, '系统开关列表');
INSERT INTO `sys_dict_type` VALUES (4, '任务状态', 'sys_job_status', '0', 'admin', '2024-07-05 20:36:45', '', NULL, '任务状态列表');
INSERT INTO `sys_dict_type` VALUES (5, '任务分组', 'sys_job_group', '0', 'admin', '2024-07-05 20:36:45', '', NULL, '任务分组列表');
INSERT INTO `sys_dict_type` VALUES (6, '系统是否', 'sys_yes_no', '0', 'admin', '2024-07-05 20:36:45', '', NULL, '系统是否列表');
INSERT INTO `sys_dict_type` VALUES (7, '通知类型', 'sys_notice_type', '0', 'admin', '2024-07-05 20:36:45', '', NULL, '通知类型列表');
INSERT INTO `sys_dict_type` VALUES (8, '通知状态', 'sys_notice_status', '0', 'admin', '2024-07-05 20:36:45', '', NULL, '通知状态列表');
INSERT INTO `sys_dict_type` VALUES (9, '操作类型', 'sys_oper_type', '0', 'admin', '2024-07-05 20:36:45', '', NULL, '操作类型列表');
INSERT INTO `sys_dict_type` VALUES (10, '系统状态', 'sys_common_status', '0', 'admin', '2024-07-05 20:36:45', '', NULL, '登录状态列表');

-- ----------------------------
-- Table structure for sys_job
-- ----------------------------
DROP TABLE IF EXISTS `sys_job`;
CREATE TABLE `sys_job`  (
  `job_id` bigint NOT NULL AUTO_INCREMENT COMMENT '任务ID',
  `job_name` varchar(64) CHARACTER SET utf8mb4 COLLATE utf8mb4_0900_ai_ci NOT NULL DEFAULT '' COMMENT '任务名称',
  `job_group` varchar(64) CHARACTER SET utf8mb4 COLLATE utf8mb4_0900_ai_ci NOT NULL DEFAULT 'DEFAULT' COMMENT '任务组名',
  `invoke_target` varchar(500) CHARACTER SET utf8mb4 COLLATE utf8mb4_0900_ai_ci NOT NULL COMMENT '调用目标字符串',
  `cron_expression` varchar(255) CHARACTER SET utf8mb4 COLLATE utf8mb4_0900_ai_ci NULL DEFAULT '' COMMENT 'cron执行表达式',
  `misfire_policy` varchar(20) CHARACTER SET utf8mb4 COLLATE utf8mb4_0900_ai_ci NULL DEFAULT '3' COMMENT '计划执行错误策略（1立即执行 2执行一次 3放弃执行）',
  `concurrent` char(1) CHARACTER SET utf8mb4 COLLATE utf8mb4_0900_ai_ci NULL DEFAULT '1' COMMENT '是否并发执行（0允许 1禁止）',
  `status` char(1) CHARACTER SET utf8mb4 COLLATE utf8mb4_0900_ai_ci NULL DEFAULT '0' COMMENT '状态（0正常 1暂停）',
  `create_by` varchar(64) CHARACTER SET utf8mb4 COLLATE utf8mb4_0900_ai_ci NULL DEFAULT '' COMMENT '创建者',
  `create_time` datetime NULL DEFAULT NULL COMMENT '创建时间',
  `update_by` varchar(64) CHARACTER SET utf8mb4 COLLATE utf8mb4_0900_ai_ci NULL DEFAULT '' COMMENT '更新者',
  `update_time` datetime NULL DEFAULT NULL COMMENT '更新时间',
  `remark` varchar(500) CHARACTER SET utf8mb4 COLLATE utf8mb4_0900_ai_ci NULL DEFAULT '' COMMENT '备注信息',
  PRIMARY KEY (`job_id`, `job_name`, `job_group`) USING BTREE
) ENGINE = InnoDB AUTO_INCREMENT = 100 CHARACTER SET = utf8mb4 COLLATE = utf8mb4_0900_ai_ci COMMENT = '定时任务调度表' ROW_FORMAT = Dynamic;

-- ----------------------------
-- Records of sys_job
-- ----------------------------
INSERT INTO `sys_job` VALUES (1, '系统默认（无参）', 'DEFAULT', 'ryTask.ryNoParams', '0/10 * * * * ?', '3', '1', '1', 'admin', '2024-07-05 20:36:45', '', NULL, '');
INSERT INTO `sys_job` VALUES (2, '系统默认（有参）', 'DEFAULT', 'ryTask.ryParams(\'ry\')', '0/15 * * * * ?', '3', '1', '1', 'admin', '2024-07-05 20:36:45', '', NULL, '');
INSERT INTO `sys_job` VALUES (3, '系统默认（多参）', 'DEFAULT', 'ryTask.ryMultipleParams(\'ry\', true, 2000L, 316.50D, 100)', '0/20 * * * * ?', '3', '1', '1', 'admin', '2024-07-05 20:36:45', '', NULL, '');

-- ----------------------------
-- Table structure for sys_job_log
-- ----------------------------
DROP TABLE IF EXISTS `sys_job_log`;
CREATE TABLE `sys_job_log`  (
  `job_log_id` bigint NOT NULL AUTO_INCREMENT COMMENT '任务日志ID',
  `job_name` varchar(64) CHARACTER SET utf8mb4 COLLATE utf8mb4_0900_ai_ci NOT NULL COMMENT '任务名称',
  `job_group` varchar(64) CHARACTER SET utf8mb4 COLLATE utf8mb4_0900_ai_ci NOT NULL COMMENT '任务组名',
  `invoke_target` varchar(500) CHARACTER SET utf8mb4 COLLATE utf8mb4_0900_ai_ci NOT NULL COMMENT '调用目标字符串',
  `job_message` varchar(500) CHARACTER SET utf8mb4 COLLATE utf8mb4_0900_ai_ci NULL DEFAULT NULL COMMENT '日志信息',
  `status` char(1) CHARACTER SET utf8mb4 COLLATE utf8mb4_0900_ai_ci NULL DEFAULT '0' COMMENT '执行状态（0正常 1失败）',
  `exception_info` varchar(2000) CHARACTER SET utf8mb4 COLLATE utf8mb4_0900_ai_ci NULL DEFAULT '' COMMENT '异常信息',
  `create_time` datetime NULL DEFAULT NULL COMMENT '创建时间',
  PRIMARY KEY (`job_log_id`) USING BTREE
) ENGINE = InnoDB CHARACTER SET = utf8mb4 COLLATE = utf8mb4_0900_ai_ci COMMENT = '定时任务调度日志表' ROW_FORMAT = Dynamic;

-- ----------------------------
-- Records of sys_job_log
-- ----------------------------

-- ----------------------------
-- Table structure for sys_logininfor
-- ----------------------------
DROP TABLE IF EXISTS `sys_logininfor`;
CREATE TABLE `sys_logininfor`  (
  `info_id` bigint NOT NULL AUTO_INCREMENT COMMENT '访问ID',
  `user_name` varchar(50) CHARACTER SET utf8mb4 COLLATE utf8mb4_0900_ai_ci NULL DEFAULT '' COMMENT '用户账号',
  `ipaddr` varchar(128) CHARACTER SET utf8mb4 COLLATE utf8mb4_0900_ai_ci NULL DEFAULT '' COMMENT '登录IP地址',
  `status` char(1) CHARACTER SET utf8mb4 COLLATE utf8mb4_0900_ai_ci NULL DEFAULT '0' COMMENT '登录状态（0成功 1失败）',
  `msg` varchar(255) CHARACTER SET utf8mb4 COLLATE utf8mb4_0900_ai_ci NULL DEFAULT '' COMMENT '提示信息',
  `access_time` datetime NULL DEFAULT NULL COMMENT '访问时间',
  PRIMARY KEY (`info_id`) USING BTREE,
  INDEX `idx_sys_logininfor_s`(`status` ASC) USING BTREE,
  INDEX `idx_sys_logininfor_lt`(`access_time` ASC) USING BTREE
) ENGINE = InnoDB AUTO_INCREMENT = 100 CHARACTER SET = utf8mb4 COLLATE = utf8mb4_0900_ai_ci COMMENT = '系统访问记录' ROW_FORMAT = Dynamic;

-- ----------------------------
-- Records of sys_logininfor
-- ----------------------------
INSERT INTO `sys_logininfor` VALUES (100, 'admin', '127.0.0.1', '0', '登录成功', '2024-07-05 22:52:37');
INSERT INTO `sys_logininfor` VALUES (101, 'admin', '127.0.0.1', '0', '登录成功', '2024-07-06 15:20:22');
INSERT INTO `sys_logininfor` VALUES (102, 'admin', '127.0.0.1', '0', '登录成功', '2024-07-06 15:56:20');
INSERT INTO `sys_logininfor` VALUES (103, 'admin', '127.0.0.1', '0', '登录成功', '2024-07-06 15:56:44');

-- ----------------------------
-- Table structure for sys_menu
-- ----------------------------
DROP TABLE IF EXISTS `sys_menu`;
CREATE TABLE `sys_menu`  (
  `menu_id` bigint NOT NULL AUTO_INCREMENT COMMENT '菜单ID',
  `menu_name` varchar(50) CHARACTER SET utf8mb4 COLLATE utf8mb4_0900_ai_ci NOT NULL COMMENT '菜单名称',
  `parent_id` bigint NULL DEFAULT 0 COMMENT '父菜单ID',
  `order_num` int NULL DEFAULT 0 COMMENT '显示顺序',
  `path` varchar(200) CHARACTER SET utf8mb4 COLLATE utf8mb4_0900_ai_ci NULL DEFAULT '' COMMENT '路由地址',
  `component` varchar(255) CHARACTER SET utf8mb4 COLLATE utf8mb4_0900_ai_ci NULL DEFAULT NULL COMMENT '组件路径',
  `query` varchar(255) CHARACTER SET utf8mb4 COLLATE utf8mb4_0900_ai_ci NULL DEFAULT NULL COMMENT '路由参数',
  `route_name` varchar(50) CHARACTER SET utf8mb4 COLLATE utf8mb4_0900_ai_ci NULL DEFAULT '' COMMENT '路由名称',
  `is_frame` int NULL DEFAULT 1 COMMENT '是否为外链（0是 1否）',
  `is_cache` int NULL DEFAULT 0 COMMENT '是否缓存（0缓存 1不缓存）',
  `menu_type` char(1) CHARACTER SET utf8mb4 COLLATE utf8mb4_0900_ai_ci NULL DEFAULT '' COMMENT '菜单类型（M目录 C菜单 F按钮）',
  `visible` char(1) CHARACTER SET utf8mb4 COLLATE utf8mb4_0900_ai_ci NULL DEFAULT '0' COMMENT '菜单状态（0显示 1隐藏）',
  `status` char(1) CHARACTER SET utf8mb4 COLLATE utf8mb4_0900_ai_ci NULL DEFAULT '0' COMMENT '菜单状态（0正常 1停用）',
  `perms` varchar(100) CHARACTER SET utf8mb4 COLLATE utf8mb4_0900_ai_ci NULL DEFAULT NULL COMMENT '权限标识',
  `icon` varchar(100) CHARACTER SET utf8mb4 COLLATE utf8mb4_0900_ai_ci NULL DEFAULT '#' COMMENT '菜单图标',
  `create_by` varchar(64) CHARACTER SET utf8mb4 COLLATE utf8mb4_0900_ai_ci NULL DEFAULT '' COMMENT '创建者',
  `create_time` datetime NULL DEFAULT NULL COMMENT '创建时间',
  `update_by` varchar(64) CHARACTER SET utf8mb4 COLLATE utf8mb4_0900_ai_ci NULL DEFAULT '' COMMENT '更新者',
  `update_time` datetime NULL DEFAULT NULL COMMENT '更新时间',
  `remark` varchar(500) CHARACTER SET utf8mb4 COLLATE utf8mb4_0900_ai_ci NULL DEFAULT '' COMMENT '备注',
  PRIMARY KEY (`menu_id`) USING BTREE
) ENGINE = InnoDB AUTO_INCREMENT = 2000 CHARACTER SET = utf8mb4 COLLATE = utf8mb4_0900_ai_ci COMMENT = '菜单权限表' ROW_FORMAT = Dynamic;

-- ----------------------------
-- Records of sys_menu
-- ----------------------------
INSERT INTO `sys_menu` VALUES (1, '系统管理', 0, 11, 'system', NULL, '', '', 1, 0, 'M', '0', '0', '', 'system', 'admin', '2024-07-05 20:36:44', 'admin', '2024-07-05 21:41:01', '系统管理目录');
INSERT INTO `sys_menu` VALUES (2, '系统监控', 0, 12, 'monitor', NULL, '', '', 1, 0, 'M', '0', '0', '', 'monitor', 'admin', '2024-07-05 20:36:44', 'admin', '2024-07-05 21:41:07', '系统监控目录');
INSERT INTO `sys_menu` VALUES (3, '系统工具', 0, 13, 'tool', NULL, '', '', 1, 0, 'M', '0', '0', '', 'tool', 'admin', '2024-07-05 20:36:44', 'admin', '2024-07-05 21:41:11', '系统工具目录');
INSERT INTO `sys_menu` VALUES (4, '若依官网', 0, 14, 'http://ruoyi.vip', NULL, '', '', 0, 0, 'M', '0', '0', '', 'guide', 'admin', '2024-07-05 20:36:44', 'admin', '2024-07-05 21:41:14', '若依官网地址');
INSERT INTO `sys_menu` VALUES (100, '用户管理', 1, 1, 'user', 'system/user/index', '', '', 1, 0, 'C', '0', '0', 'system:user:list', 'user', 'admin', '2024-07-05 20:36:44', '', NULL, '用户管理菜单');
INSERT INTO `sys_menu` VALUES (101, '角色管理', 1, 2, 'role', 'system/role/index', '', '', 1, 0, 'C', '0', '0', 'system:role:list', 'peoples', 'admin', '2024-07-05 20:36:44', '', NULL, '角色管理菜单');
INSERT INTO `sys_menu` VALUES (102, '菜单管理', 1, 3, 'menu', 'system/menu/index', '', '', 1, 0, 'C', '0', '0', 'system:menu:list', 'tree-table', 'admin', '2024-07-05 20:36:44', '', NULL, '菜单管理菜单');
INSERT INTO `sys_menu` VALUES (103, '部门管理', 1, 4, 'dept', 'system/dept/index', '', '', 1, 0, 'C', '0', '0', 'system:dept:list', 'tree', 'admin', '2024-07-05 20:36:44', '', NULL, '部门管理菜单');
INSERT INTO `sys_menu` VALUES (104, '岗位管理', 1, 5, 'post', 'system/post/index', '', '', 1, 0, 'C', '0', '0', 'system:post:list', 'post', 'admin', '2024-07-05 20:36:44', '', NULL, '岗位管理菜单');
INSERT INTO `sys_menu` VALUES (105, '字典管理', 1, 6, 'dict', 'system/dict/index', '', '', 1, 0, 'C', '0', '0', 'system:dict:list', 'dict', 'admin', '2024-07-05 20:36:44', '', NULL, '字典管理菜单');
INSERT INTO `sys_menu` VALUES (106, '参数设置', 1, 7, 'config', 'system/config/index', '', '', 1, 0, 'C', '0', '0', 'system:config:list', 'edit', 'admin', '2024-07-05 20:36:44', '', NULL, '参数设置菜单');
INSERT INTO `sys_menu` VALUES (107, '通知公告', 1, 8, 'notice', 'system/notice/index', '', '', 1, 0, 'C', '0', '0', 'system:notice:list', 'message', 'admin', '2024-07-05 20:36:44', '', NULL, '通知公告菜单');
INSERT INTO `sys_menu` VALUES (108, '日志管理', 1, 9, 'log', '', '', '', 1, 0, 'M', '0', '0', '', 'log', 'admin', '2024-07-05 20:36:44', '', NULL, '日志管理菜单');
INSERT INTO `sys_menu` VALUES (109, '在线用户', 2, 1, 'online', 'monitor/online/index', '', '', 1, 0, 'C', '0', '0', 'monitor:online:list', 'online', 'admin', '2024-07-05 20:36:44', '', NULL, '在线用户菜单');
INSERT INTO `sys_menu` VALUES (110, '定时任务', 2, 2, 'job', 'monitor/job/index', '', '', 1, 0, 'C', '0', '0', 'monitor:job:list', 'job', 'admin', '2024-07-05 20:36:44', '', NULL, '定时任务菜单');
INSERT INTO `sys_menu` VALUES (111, 'Sentinel控制台', 2, 3, 'http://localhost:8718', '', '', '', 0, 0, 'C', '0', '0', 'monitor:sentinel:list', 'sentinel', 'admin', '2024-07-05 20:36:44', '', NULL, '流量控制菜单');
INSERT INTO `sys_menu` VALUES (112, 'Nacos控制台', 2, 4, 'http://localhost:8848/nacos', '', '', '', 0, 0, 'C', '0', '0', 'monitor:nacos:list', 'nacos', 'admin', '2024-07-05 20:36:44', '', NULL, '服务治理菜单');
INSERT INTO `sys_menu` VALUES (113, 'Admin控制台', 2, 5, 'http://localhost:9100/login', '', '', '', 0, 0, 'C', '0', '0', 'monitor:server:list', 'server', 'admin', '2024-07-05 20:36:44', '', NULL, '服务监控菜单');
INSERT INTO `sys_menu` VALUES (114, '表单构建', 3, 1, 'build', 'tool/build/index', '', '', 1, 0, 'C', '0', '0', 'tool:build:list', 'build', 'admin', '2024-07-05 20:36:44', '', NULL, '表单构建菜单');
INSERT INTO `sys_menu` VALUES (115, '代码生成', 3, 2, 'gen', 'tool/gen/index', '', '', 1, 0, 'C', '0', '0', 'tool:gen:list', 'code', 'admin', '2024-07-05 20:36:44', '', NULL, '代码生成菜单');
INSERT INTO `sys_menu` VALUES (116, '系统接口', 3, 3, 'http://localhost:8080/swagger-ui/index.html', '', '', '', 0, 0, 'C', '0', '0', 'tool:swagger:list', 'swagger', 'admin', '2024-07-05 20:36:44', '', NULL, '系统接口菜单');
INSERT INTO `sys_menu` VALUES (500, '操作日志', 108, 1, 'operlog', 'system/operlog/index', '', '', 1, 0, 'C', '0', '0', 'system:operlog:list', 'form', 'admin', '2024-07-05 20:36:44', '', NULL, '操作日志菜单');
INSERT INTO `sys_menu` VALUES (501, '登录日志', 108, 2, 'logininfor', 'system/logininfor/index', '', '', 1, 0, 'C', '0', '0', 'system:logininfor:list', 'logininfor', 'admin', '2024-07-05 20:36:44', '', NULL, '登录日志菜单');
INSERT INTO `sys_menu` VALUES (1000, '用户查询', 100, 1, '', '', '', '', 1, 0, 'F', '0', '0', 'system:user:query', '#', 'admin', '2024-07-05 20:36:44', '', NULL, '');
INSERT INTO `sys_menu` VALUES (1001, '用户新增', 100, 2, '', '', '', '', 1, 0, 'F', '0', '0', 'system:user:add', '#', 'admin', '2024-07-05 20:36:44', '', NULL, '');
INSERT INTO `sys_menu` VALUES (1002, '用户修改', 100, 3, '', '', '', '', 1, 0, 'F', '0', '0', 'system:user:edit', '#', 'admin', '2024-07-05 20:36:44', '', NULL, '');
INSERT INTO `sys_menu` VALUES (1003, '用户删除', 100, 4, '', '', '', '', 1, 0, 'F', '0', '0', 'system:user:remove', '#', 'admin', '2024-07-05 20:36:44', '', NULL, '');
INSERT INTO `sys_menu` VALUES (1004, '用户导出', 100, 5, '', '', '', '', 1, 0, 'F', '0', '0', 'system:user:export', '#', 'admin', '2024-07-05 20:36:44', '', NULL, '');
INSERT INTO `sys_menu` VALUES (1005, '用户导入', 100, 6, '', '', '', '', 1, 0, 'F', '0', '0', 'system:user:import', '#', 'admin', '2024-07-05 20:36:44', '', NULL, '');
INSERT INTO `sys_menu` VALUES (1006, '重置密码', 100, 7, '', '', '', '', 1, 0, 'F', '0', '0', 'system:user:resetPwd', '#', 'admin', '2024-07-05 20:36:44', '', NULL, '');
INSERT INTO `sys_menu` VALUES (1007, '角色查询', 101, 1, '', '', '', '', 1, 0, 'F', '0', '0', 'system:role:query', '#', 'admin', '2024-07-05 20:36:44', '', NULL, '');
INSERT INTO `sys_menu` VALUES (1008, '角色新增', 101, 2, '', '', '', '', 1, 0, 'F', '0', '0', 'system:role:add', '#', 'admin', '2024-07-05 20:36:44', '', NULL, '');
INSERT INTO `sys_menu` VALUES (1009, '角色修改', 101, 3, '', '', '', '', 1, 0, 'F', '0', '0', 'system:role:edit', '#', 'admin', '2024-07-05 20:36:44', '', NULL, '');
INSERT INTO `sys_menu` VALUES (1010, '角色删除', 101, 4, '', '', '', '', 1, 0, 'F', '0', '0', 'system:role:remove', '#', 'admin', '2024-07-05 20:36:44', '', NULL, '');
INSERT INTO `sys_menu` VALUES (1011, '角色导出', 101, 5, '', '', '', '', 1, 0, 'F', '0', '0', 'system:role:export', '#', 'admin', '2024-07-05 20:36:44', '', NULL, '');
INSERT INTO `sys_menu` VALUES (1012, '菜单查询', 102, 1, '', '', '', '', 1, 0, 'F', '0', '0', 'system:menu:query', '#', 'admin', '2024-07-05 20:36:44', '', NULL, '');
INSERT INTO `sys_menu` VALUES (1013, '菜单新增', 102, 2, '', '', '', '', 1, 0, 'F', '0', '0', 'system:menu:add', '#', 'admin', '2024-07-05 20:36:44', '', NULL, '');
INSERT INTO `sys_menu` VALUES (1014, '菜单修改', 102, 3, '', '', '', '', 1, 0, 'F', '0', '0', 'system:menu:edit', '#', 'admin', '2024-07-05 20:36:44', '', NULL, '');
INSERT INTO `sys_menu` VALUES (1015, '菜单删除', 102, 4, '', '', '', '', 1, 0, 'F', '0', '0', 'system:menu:remove', '#', 'admin', '2024-07-05 20:36:44', '', NULL, '');
INSERT INTO `sys_menu` VALUES (1016, '部门查询', 103, 1, '', '', '', '', 1, 0, 'F', '0', '0', 'system:dept:query', '#', 'admin', '2024-07-05 20:36:44', '', NULL, '');
INSERT INTO `sys_menu` VALUES (1017, '部门新增', 103, 2, '', '', '', '', 1, 0, 'F', '0', '0', 'system:dept:add', '#', 'admin', '2024-07-05 20:36:44', '', NULL, '');
INSERT INTO `sys_menu` VALUES (1018, '部门修改', 103, 3, '', '', '', '', 1, 0, 'F', '0', '0', 'system:dept:edit', '#', 'admin', '2024-07-05 20:36:44', '', NULL, '');
INSERT INTO `sys_menu` VALUES (1019, '部门删除', 103, 4, '', '', '', '', 1, 0, 'F', '0', '0', 'system:dept:remove', '#', 'admin', '2024-07-05 20:36:44', '', NULL, '');
INSERT INTO `sys_menu` VALUES (1020, '岗位查询', 104, 1, '', '', '', '', 1, 0, 'F', '0', '0', 'system:post:query', '#', 'admin', '2024-07-05 20:36:44', '', NULL, '');
INSERT INTO `sys_menu` VALUES (1021, '岗位新增', 104, 2, '', '', '', '', 1, 0, 'F', '0', '0', 'system:post:add', '#', 'admin', '2024-07-05 20:36:44', '', NULL, '');
INSERT INTO `sys_menu` VALUES (1022, '岗位修改', 104, 3, '', '', '', '', 1, 0, 'F', '0', '0', 'system:post:edit', '#', 'admin', '2024-07-05 20:36:44', '', NULL, '');
INSERT INTO `sys_menu` VALUES (1023, '岗位删除', 104, 4, '', '', '', '', 1, 0, 'F', '0', '0', 'system:post:remove', '#', 'admin', '2024-07-05 20:36:44', '', NULL, '');
INSERT INTO `sys_menu` VALUES (1024, '岗位导出', 104, 5, '', '', '', '', 1, 0, 'F', '0', '0', 'system:post:export', '#', 'admin', '2024-07-05 20:36:44', '', NULL, '');
INSERT INTO `sys_menu` VALUES (1025, '字典查询', 105, 1, '#', '', '', '', 1, 0, 'F', '0', '0', 'system:dict:query', '#', 'admin', '2024-07-05 20:36:44', '', NULL, '');
INSERT INTO `sys_menu` VALUES (1026, '字典新增', 105, 2, '#', '', '', '', 1, 0, 'F', '0', '0', 'system:dict:add', '#', 'admin', '2024-07-05 20:36:44', '', NULL, '');
INSERT INTO `sys_menu` VALUES (1027, '字典修改', 105, 3, '#', '', '', '', 1, 0, 'F', '0', '0', 'system:dict:edit', '#', 'admin', '2024-07-05 20:36:44', '', NULL, '');
INSERT INTO `sys_menu` VALUES (1028, '字典删除', 105, 4, '#', '', '', '', 1, 0, 'F', '0', '0', 'system:dict:remove', '#', 'admin', '2024-07-05 20:36:44', '', NULL, '');
INSERT INTO `sys_menu` VALUES (1029, '字典导出', 105, 5, '#', '', '', '', 1, 0, 'F', '0', '0', 'system:dict:export', '#', 'admin', '2024-07-05 20:36:44', '', NULL, '');
INSERT INTO `sys_menu` VALUES (1030, '参数查询', 106, 1, '#', '', '', '', 1, 0, 'F', '0', '0', 'system:config:query', '#', 'admin', '2024-07-05 20:36:44', '', NULL, '');
INSERT INTO `sys_menu` VALUES (1031, '参数新增', 106, 2, '#', '', '', '', 1, 0, 'F', '0', '0', 'system:config:add', '#', 'admin', '2024-07-05 20:36:44', '', NULL, '');
INSERT INTO `sys_menu` VALUES (1032, '参数修改', 106, 3, '#', '', '', '', 1, 0, 'F', '0', '0', 'system:config:edit', '#', 'admin', '2024-07-05 20:36:44', '', NULL, '');
INSERT INTO `sys_menu` VALUES (1033, '参数删除', 106, 4, '#', '', '', '', 1, 0, 'F', '0', '0', 'system:config:remove', '#', 'admin', '2024-07-05 20:36:44', '', NULL, '');
INSERT INTO `sys_menu` VALUES (1034, '参数导出', 106, 5, '#', '', '', '', 1, 0, 'F', '0', '0', 'system:config:export', '#', 'admin', '2024-07-05 20:36:44', '', NULL, '');
INSERT INTO `sys_menu` VALUES (1035, '公告查询', 107, 1, '#', '', '', '', 1, 0, 'F', '0', '0', 'system:notice:query', '#', 'admin', '2024-07-05 20:36:44', '', NULL, '');
INSERT INTO `sys_menu` VALUES (1036, '公告新增', 107, 2, '#', '', '', '', 1, 0, 'F', '0', '0', 'system:notice:add', '#', 'admin', '2024-07-05 20:36:44', '', NULL, '');
INSERT INTO `sys_menu` VALUES (1037, '公告修改', 107, 3, '#', '', '', '', 1, 0, 'F', '0', '0', 'system:notice:edit', '#', 'admin', '2024-07-05 20:36:44', '', NULL, '');
INSERT INTO `sys_menu` VALUES (1038, '公告删除', 107, 4, '#', '', '', '', 1, 0, 'F', '0', '0', 'system:notice:remove', '#', 'admin', '2024-07-05 20:36:44', '', NULL, '');
INSERT INTO `sys_menu` VALUES (1039, '操作查询', 500, 1, '#', '', '', '', 1, 0, 'F', '0', '0', 'system:operlog:query', '#', 'admin', '2024-07-05 20:36:44', '', NULL, '');
INSERT INTO `sys_menu` VALUES (1040, '操作删除', 500, 2, '#', '', '', '', 1, 0, 'F', '0', '0', 'system:operlog:remove', '#', 'admin', '2024-07-05 20:36:44', '', NULL, '');
INSERT INTO `sys_menu` VALUES (1041, '日志导出', 500, 3, '#', '', '', '', 1, 0, 'F', '0', '0', 'system:operlog:export', '#', 'admin', '2024-07-05 20:36:44', '', NULL, '');
INSERT INTO `sys_menu` VALUES (1042, '登录查询', 501, 1, '#', '', '', '', 1, 0, 'F', '0', '0', 'system:logininfor:query', '#', 'admin', '2024-07-05 20:36:44', '', NULL, '');
INSERT INTO `sys_menu` VALUES (1043, '登录删除', 501, 2, '#', '', '', '', 1, 0, 'F', '0', '0', 'system:logininfor:remove', '#', 'admin', '2024-07-05 20:36:44', '', NULL, '');
INSERT INTO `sys_menu` VALUES (1044, '日志导出', 501, 3, '#', '', '', '', 1, 0, 'F', '0', '0', 'system:logininfor:export', '#', 'admin', '2024-07-05 20:36:44', '', NULL, '');
INSERT INTO `sys_menu` VALUES (1045, '账户解锁', 501, 4, '#', '', '', '', 1, 0, 'F', '0', '0', 'system:logininfor:unlock', '#', 'admin', '2024-07-05 20:36:44', '', NULL, '');
INSERT INTO `sys_menu` VALUES (1046, '在线查询', 109, 1, '#', '', '', '', 1, 0, 'F', '0', '0', 'monitor:online:query', '#', 'admin', '2024-07-05 20:36:44', '', NULL, '');
INSERT INTO `sys_menu` VALUES (1047, '批量强退', 109, 2, '#', '', '', '', 1, 0, 'F', '0', '0', 'monitor:online:batchLogout', '#', 'admin', '2024-07-05 20:36:44', '', NULL, '');
INSERT INTO `sys_menu` VALUES (1048, '单条强退', 109, 3, '#', '', '', '', 1, 0, 'F', '0', '0', 'monitor:online:forceLogout', '#', 'admin', '2024-07-05 20:36:44', '', NULL, '');
INSERT INTO `sys_menu` VALUES (1049, '任务查询', 110, 1, '#', '', '', '', 1, 0, 'F', '0', '0', 'monitor:job:query', '#', 'admin', '2024-07-05 20:36:44', '', NULL, '');
INSERT INTO `sys_menu` VALUES (1050, '任务新增', 110, 2, '#', '', '', '', 1, 0, 'F', '0', '0', 'monitor:job:add', '#', 'admin', '2024-07-05 20:36:44', '', NULL, '');
INSERT INTO `sys_menu` VALUES (1051, '任务修改', 110, 3, '#', '', '', '', 1, 0, 'F', '0', '0', 'monitor:job:edit', '#', 'admin', '2024-07-05 20:36:44', '', NULL, '');
INSERT INTO `sys_menu` VALUES (1052, '任务删除', 110, 4, '#', '', '', '', 1, 0, 'F', '0', '0', 'monitor:job:remove', '#', 'admin', '2024-07-05 20:36:44', '', NULL, '');
INSERT INTO `sys_menu` VALUES (1053, '状态修改', 110, 5, '#', '', '', '', 1, 0, 'F', '0', '0', 'monitor:job:changeStatus', '#', 'admin', '2024-07-05 20:36:44', '', NULL, '');
INSERT INTO `sys_menu` VALUES (1054, '任务导出', 110, 6, '#', '', '', '', 1, 0, 'F', '0', '0', 'monitor:job:export', '#', 'admin', '2024-07-05 20:36:44', '', NULL, '');
INSERT INTO `sys_menu` VALUES (1055, '生成查询', 115, 1, '#', '', '', '', 1, 0, 'F', '0', '0', 'tool:gen:query', '#', 'admin', '2024-07-05 20:36:44', '', NULL, '');
INSERT INTO `sys_menu` VALUES (1056, '生成修改', 115, 2, '#', '', '', '', 1, 0, 'F', '0', '0', 'tool:gen:edit', '#', 'admin', '2024-07-05 20:36:44', '', NULL, '');
INSERT INTO `sys_menu` VALUES (1057, '生成删除', 115, 3, '#', '', '', '', 1, 0, 'F', '0', '0', 'tool:gen:remove', '#', 'admin', '2024-07-05 20:36:44', '', NULL, '');
INSERT INTO `sys_menu` VALUES (1058, '导入代码', 115, 2, '#', '', '', '', 1, 0, 'F', '0', '0', 'tool:gen:import', '#', 'admin', '2024-07-05 20:36:44', '', NULL, '');
INSERT INTO `sys_menu` VALUES (1059, '预览代码', 115, 4, '#', '', '', '', 1, 0, 'F', '0', '0', 'tool:gen:preview', '#', 'admin', '2024-07-05 20:36:44', '', NULL, '');
INSERT INTO `sys_menu` VALUES (1060, '生成代码', 115, 5, '#', '', '', '', 1, 0, 'F', '0', '0', 'tool:gen:code', '#', 'admin', '2024-07-05 20:36:44', '', NULL, '');
INSERT INTO `sys_menu` VALUES (2000, '投诉管理', 0, 1, 'complaint', NULL, NULL, '', 1, 0, 'M', '0', '0', '', '#', 'admin', '2024-07-05 21:39:35', 'admin', '2024-07-05 21:41:18', '');
INSERT INTO `sys_menu` VALUES (2001, '应急信息管理', 0, 0, 'emegency', NULL, NULL, '', 1, 0, 'M', '0', '0', NULL, '#', 'admin', '2024-07-05 21:40:07', '', NULL, '');
INSERT INTO `sys_menu` VALUES (2002, '酒店管理', 0, 2, 'hotel', NULL, NULL, '', 1, 0, 'M', '0', '0', NULL, '#', 'admin', '2024-07-05 21:40:45', '', NULL, '');
INSERT INTO `sys_menu` VALUES (2003, '星级酒店管理', 2002, 0, 'starhotel', NULL, NULL, '', 1, 0, 'M', '0', '0', NULL, '#', 'admin', '2024-07-05 21:41:47', '', NULL, '');
INSERT INTO `sys_menu` VALUES (2004, '非星级酒店管理', 2002, 1, 'nonstarthotel', NULL, NULL, '', 1, 0, 'M', '0', '0', NULL, '#', 'admin', '2024-07-05 21:42:22', '', NULL, '');
INSERT INTO `sys_menu` VALUES (2005, '景区管理', 0, 3, 'scenicarea', NULL, NULL, '', 1, 0, 'M', '0', '0', NULL, '#', 'admin', '2024-07-05 21:43:49', '', NULL, '');
INSERT INTO `sys_menu` VALUES (2006, '景点管理', 2005, 0, 'scenicspot', NULL, NULL, '', 1, 0, 'M', '0', '0', NULL, '#', 'admin', '2024-07-05 21:44:19', '', NULL, '');
INSERT INTO `sys_menu` VALUES (2007, '旅游线路管理', 2005, 1, 'travelroute', NULL, NULL, '', 1, 0, 'M', '0', '0', NULL, '#', 'admin', '2024-07-05 21:45:25', '', NULL, '');
INSERT INTO `sys_menu` VALUES (2008, '娱乐餐饮管理', 0, 4, 'entertain', NULL, NULL, '', 1, 0, 'M', '0', '0', '', '#', 'admin', '2024-07-05 21:46:42', 'admin', '2024-07-05 21:46:48', '');
INSERT INTO `sys_menu` VALUES (2009, '餐饮娱乐管理', 2008, 0, 'entertainAndfood', NULL, NULL, '', 1, 0, 'M', '0', '0', NULL, '#', 'admin', '2024-07-05 21:47:50', '', NULL, '');
INSERT INTO `sys_menu` VALUES (2010, '演出团体管理', 2008, 1, 'performance', NULL, NULL, '', 1, 0, 'M', '0', '0', NULL, '#', 'admin', '2024-07-05 21:48:28', '', NULL, '');
INSERT INTO `sys_menu` VALUES (2011, '天气路况管理', 0, 5, 'weatherAndroad', NULL, NULL, '', 1, 0, 'M', '0', '0', NULL, '#', 'admin', '2024-07-05 21:49:30', '', NULL, '');
INSERT INTO `sys_menu` VALUES (2012, '天气管理', 2011, 0, 'weather', NULL, NULL, '', 1, 0, 'M', '0', '0', NULL, '#', 'admin', '2024-07-05 21:49:51', '', NULL, '');
INSERT INTO `sys_menu` VALUES (2013, '路况管理', 2011, 1, 'road', NULL, NULL, '', 1, 0, 'M', '0', '0', NULL, '#', 'admin', '2024-07-05 21:50:12', '', NULL, '');
INSERT INTO `sys_menu` VALUES (2014, '非星级酒店预定信息', 2004, 1, 'nonstarbookings', 'hotel/nonstarbookings/index', NULL, '', 1, 0, 'C', '0', '0', 'hotel:nonstarbookings:list', '#', 'admin', '2024-07-06 14:51:54', '', NULL, '非星级酒店预定信息菜单');
INSERT INTO `sys_menu` VALUES (2015, '非星级酒店预定信息查询', 2014, 1, '#', '', NULL, '', 1, 0, 'F', '0', '0', 'hotel:nonstarbookings:query', '#', 'admin', '2024-07-06 14:51:54', '', NULL, '');
INSERT INTO `sys_menu` VALUES (2016, '非星级酒店预定信息新增', 2014, 2, '#', '', NULL, '', 1, 0, 'F', '0', '0', 'hotel:nonstarbookings:add', '#', 'admin', '2024-07-06 14:51:54', '', NULL, '');
INSERT INTO `sys_menu` VALUES (2017, '非星级酒店预定信息修改', 2014, 3, '#', '', NULL, '', 1, 0, 'F', '0', '0', 'hotel:nonstarbookings:edit', '#', 'admin', '2024-07-06 14:51:54', '', NULL, '');
INSERT INTO `sys_menu` VALUES (2018, '非星级酒店预定信息删除', 2014, 4, '#', '', NULL, '', 1, 0, 'F', '0', '0', 'hotel:nonstarbookings:remove', '#', 'admin', '2024-07-06 14:51:54', '', NULL, '');
INSERT INTO `sys_menu` VALUES (2019, '非星级酒店预定信息导出', 2014, 5, '#', '', NULL, '', 1, 0, 'F', '0', '0', 'hotel:nonstarbookings:export', '#', 'admin', '2024-07-06 14:51:54', '', NULL, '');
INSERT INTO `sys_menu` VALUES (2020, '非星级酒店管理', 2004, 1, 'nonstarhotels', 'hotel/nonstarhotels/index', NULL, '', 1, 0, 'C', '0', '0', 'hotel:nonstarhotels:list', '#', 'admin', '2024-07-06 14:51:58', '', NULL, '非星级酒店管理菜单');
INSERT INTO `sys_menu` VALUES (2021, '非星级酒店管理查询', 2020, 1, '#', '', NULL, '', 1, 0, 'F', '0', '0', 'hotel:nonstarhotels:query', '#', 'admin', '2024-07-06 14:51:58', '', NULL, '');
INSERT INTO `sys_menu` VALUES (2022, '非星级酒店管理新增', 2020, 2, '#', '', NULL, '', 1, 0, 'F', '0', '0', 'hotel:nonstarhotels:add', '#', 'admin', '2024-07-06 14:51:58', '', NULL, '');
INSERT INTO `sys_menu` VALUES (2023, '非星级酒店管理修改', 2020, 3, '#', '', NULL, '', 1, 0, 'F', '0', '0', 'hotel:nonstarhotels:edit', '#', 'admin', '2024-07-06 14:51:58', '', NULL, '');
INSERT INTO `sys_menu` VALUES (2024, '非星级酒店管理删除', 2020, 4, '#', '', NULL, '', 1, 0, 'F', '0', '0', 'hotel:nonstarhotels:remove', '#', 'admin', '2024-07-06 14:51:58', '', NULL, '');
INSERT INTO `sys_menu` VALUES (2025, '非星级酒店管理导出', 2020, 5, '#', '', NULL, '', 1, 0, 'F', '0', '0', 'hotel:nonstarhotels:export', '#', 'admin', '2024-07-06 14:51:58', '', NULL, '');
INSERT INTO `sys_menu` VALUES (2026, '非星级酒店营销管理', 2004, 1, 'nonstarmarketingrecords', 'hotel/nonstarmarketingrecords/index', NULL, '', 1, 0, 'C', '0', '0', 'hotel:nonstarmarketingrecords:list', '#', 'admin', '2024-07-06 14:52:02', '', NULL, '非星级酒店营销管理菜单');
INSERT INTO `sys_menu` VALUES (2027, '非星级酒店营销管理查询', 2026, 1, '#', '', NULL, '', 1, 0, 'F', '0', '0', 'hotel:nonstarmarketingrecords:query', '#', 'admin', '2024-07-06 14:52:02', '', NULL, '');
INSERT INTO `sys_menu` VALUES (2028, '非星级酒店营销管理新增', 2026, 2, '#', '', NULL, '', 1, 0, 'F', '0', '0', 'hotel:nonstarmarketingrecords:add', '#', 'admin', '2024-07-06 14:52:02', '', NULL, '');
INSERT INTO `sys_menu` VALUES (2029, '非星级酒店营销管理修改', 2026, 3, '#', '', NULL, '', 1, 0, 'F', '0', '0', 'hotel:nonstarmarketingrecords:edit', '#', 'admin', '2024-07-06 14:52:02', '', NULL, '');
INSERT INTO `sys_menu` VALUES (2030, '非星级酒店营销管理删除', 2026, 4, '#', '', NULL, '', 1, 0, 'F', '0', '0', 'hotel:nonstarmarketingrecords:remove', '#', 'admin', '2024-07-06 14:52:02', '', NULL, '');
INSERT INTO `sys_menu` VALUES (2031, '非星级酒店营销管理导出', 2026, 5, '#', '', NULL, '', 1, 0, 'F', '0', '0', 'hotel:nonstarmarketingrecords:export', '#', 'admin', '2024-07-06 14:52:02', '', NULL, '');
INSERT INTO `sys_menu` VALUES (2032, '非星级房型', 2004, 1, 'nonstarroomtypes', 'hotel/nonstarroomtypes/index', NULL, '', 1, 0, 'C', '0', '0', 'hotel:nonstarroomtypes:list', '#', 'admin', '2024-07-06 14:52:07', '', NULL, '非星级房型菜单');
INSERT INTO `sys_menu` VALUES (2033, '非星级房型查询', 2032, 1, '#', '', NULL, '', 1, 0, 'F', '0', '0', 'hotel:nonstarroomtypes:query', '#', 'admin', '2024-07-06 14:52:07', '', NULL, '');
INSERT INTO `sys_menu` VALUES (2034, '非星级房型新增', 2032, 2, '#', '', NULL, '', 1, 0, 'F', '0', '0', 'hotel:nonstarroomtypes:add', '#', 'admin', '2024-07-06 14:52:07', '', NULL, '');
INSERT INTO `sys_menu` VALUES (2035, '非星级房型修改', 2032, 3, '#', '', NULL, '', 1, 0, 'F', '0', '0', 'hotel:nonstarroomtypes:edit', '#', 'admin', '2024-07-06 14:52:07', '', NULL, '');
INSERT INTO `sys_menu` VALUES (2036, '非星级房型删除', 2032, 4, '#', '', NULL, '', 1, 0, 'F', '0', '0', 'hotel:nonstarroomtypes:remove', '#', 'admin', '2024-07-06 14:52:07', '', NULL, '');
INSERT INTO `sys_menu` VALUES (2037, '非星级房型导出', 2032, 5, '#', '', NULL, '', 1, 0, 'F', '0', '0', 'hotel:nonstarroomtypes:export', '#', 'admin', '2024-07-06 14:52:07', '', NULL, '');
INSERT INTO `sys_menu` VALUES (2038, '非星级酒店评价管理', 2004, 1, 'reviews', 'hotel/reviews/index', NULL, '', 1, 0, 'C', '0', '0', 'hotel:reviews:list', '#', 'admin', '2024-07-06 14:52:11', '', NULL, '非星级酒店评价管理菜单');
INSERT INTO `sys_menu` VALUES (2039, '非星级酒店评价管理查询', 2038, 1, '#', '', NULL, '', 1, 0, 'F', '0', '0', 'hotel:reviews:query', '#', 'admin', '2024-07-06 14:52:11', '', NULL, '');
INSERT INTO `sys_menu` VALUES (2040, '非星级酒店评价管理新增', 2038, 2, '#', '', NULL, '', 1, 0, 'F', '0', '0', 'hotel:reviews:add', '#', 'admin', '2024-07-06 14:52:11', '', NULL, '');
INSERT INTO `sys_menu` VALUES (2041, '非星级酒店评价管理修改', 2038, 3, '#', '', NULL, '', 1, 0, 'F', '0', '0', 'hotel:reviews:edit', '#', 'admin', '2024-07-06 14:52:11', '', NULL, '');
INSERT INTO `sys_menu` VALUES (2042, '非星级酒店评价管理删除', 2038, 4, '#', '', NULL, '', 1, 0, 'F', '0', '0', 'hotel:reviews:remove', '#', 'admin', '2024-07-06 14:52:11', '', NULL, '');
INSERT INTO `sys_menu` VALUES (2043, '非星级酒店评价管理导出', 2038, 5, '#', '', NULL, '', 1, 0, 'F', '0', '0', 'hotel:reviews:export', '#', 'admin', '2024-07-06 14:52:11', '', NULL, '');
INSERT INTO `sys_menu` VALUES (2044, '星级酒店预定', 2003, 1, 'starbookings', 'hotel/starbookings/index', NULL, '', 1, 0, 'C', '0', '0', 'hotel:starbookings:list', '#', 'admin', '2024-07-06 14:52:15', '', NULL, '星级酒店预定菜单');
INSERT INTO `sys_menu` VALUES (2045, '星级酒店预定查询', 2044, 1, '#', '', NULL, '', 1, 0, 'F', '0', '0', 'hotel:starbookings:query', '#', 'admin', '2024-07-06 14:52:15', '', NULL, '');
INSERT INTO `sys_menu` VALUES (2046, '星级酒店预定新增', 2044, 2, '#', '', NULL, '', 1, 0, 'F', '0', '0', 'hotel:starbookings:add', '#', 'admin', '2024-07-06 14:52:15', '', NULL, '');
INSERT INTO `sys_menu` VALUES (2047, '星级酒店预定修改', 2044, 3, '#', '', NULL, '', 1, 0, 'F', '0', '0', 'hotel:starbookings:edit', '#', 'admin', '2024-07-06 14:52:15', '', NULL, '');
INSERT INTO `sys_menu` VALUES (2048, '星级酒店预定删除', 2044, 4, '#', '', NULL, '', 1, 0, 'F', '0', '0', 'hotel:starbookings:remove', '#', 'admin', '2024-07-06 14:52:15', '', NULL, '');
INSERT INTO `sys_menu` VALUES (2049, '星级酒店预定导出', 2044, 5, '#', '', NULL, '', 1, 0, 'F', '0', '0', 'hotel:starbookings:export', '#', 'admin', '2024-07-06 14:52:15', '', NULL, '');
INSERT INTO `sys_menu` VALUES (2050, '星级酒店评价管理', 2003, 1, 'starhotelreviews', 'hotel/starhotelreviews/index', NULL, '', 1, 0, 'C', '0', '0', 'hotel:starhotelreviews:list', '#', 'admin', '2024-07-06 14:52:19', '', NULL, '星级酒店评价管理菜单');
INSERT INTO `sys_menu` VALUES (2051, '星级酒店评价管理查询', 2050, 1, '#', '', NULL, '', 1, 0, 'F', '0', '0', 'hotel:starhotelreviews:query', '#', 'admin', '2024-07-06 14:52:19', '', NULL, '');
INSERT INTO `sys_menu` VALUES (2052, '星级酒店评价管理新增', 2050, 2, '#', '', NULL, '', 1, 0, 'F', '0', '0', 'hotel:starhotelreviews:add', '#', 'admin', '2024-07-06 14:52:19', '', NULL, '');
INSERT INTO `sys_menu` VALUES (2053, '星级酒店评价管理修改', 2050, 3, '#', '', NULL, '', 1, 0, 'F', '0', '0', 'hotel:starhotelreviews:edit', '#', 'admin', '2024-07-06 14:52:19', '', NULL, '');
INSERT INTO `sys_menu` VALUES (2054, '星级酒店评价管理删除', 2050, 4, '#', '', NULL, '', 1, 0, 'F', '0', '0', 'hotel:starhotelreviews:remove', '#', 'admin', '2024-07-06 14:52:19', '', NULL, '');
INSERT INTO `sys_menu` VALUES (2055, '星级酒店评价管理导出', 2050, 5, '#', '', NULL, '', 1, 0, 'F', '0', '0', 'hotel:starhotelreviews:export', '#', 'admin', '2024-07-06 14:52:19', '', NULL, '');
INSERT INTO `sys_menu` VALUES (2056, '星级酒店信息', 2003, 1, 'starhotels', 'hotel/starhotels/index', NULL, '', 1, 0, 'C', '0', '0', 'hotel:starhotels:list', '#', 'admin', '2024-07-06 14:52:24', '', NULL, '星级酒店信息菜单');
INSERT INTO `sys_menu` VALUES (2057, '星级酒店信息查询', 2056, 1, '#', '', NULL, '', 1, 0, 'F', '0', '0', 'hotel:starhotels:query', '#', 'admin', '2024-07-06 14:52:24', '', NULL, '');
INSERT INTO `sys_menu` VALUES (2058, '星级酒店信息新增', 2056, 2, '#', '', NULL, '', 1, 0, 'F', '0', '0', 'hotel:starhotels:add', '#', 'admin', '2024-07-06 14:52:24', '', NULL, '');
INSERT INTO `sys_menu` VALUES (2059, '星级酒店信息修改', 2056, 3, '#', '', NULL, '', 1, 0, 'F', '0', '0', 'hotel:starhotels:edit', '#', 'admin', '2024-07-06 14:52:24', '', NULL, '');
INSERT INTO `sys_menu` VALUES (2060, '星级酒店信息删除', 2056, 4, '#', '', NULL, '', 1, 0, 'F', '0', '0', 'hotel:starhotels:remove', '#', 'admin', '2024-07-06 14:52:24', '', NULL, '');
INSERT INTO `sys_menu` VALUES (2061, '星级酒店信息导出', 2056, 5, '#', '', NULL, '', 1, 0, 'F', '0', '0', 'hotel:starhotels:export', '#', 'admin', '2024-07-06 14:52:24', '', NULL, '');
INSERT INTO `sys_menu` VALUES (2062, '星级酒店营销管理', 2003, 1, 'starmarketingrecords', 'hotel/starmarketingrecords/index', NULL, '', 1, 0, 'C', '0', '0', 'hotel:starmarketingrecords:list', '#', 'admin', '2024-07-06 14:52:28', '', NULL, '星级酒店营销管理菜单');
INSERT INTO `sys_menu` VALUES (2063, '星级酒店营销管理查询', 2062, 1, '#', '', NULL, '', 1, 0, 'F', '0', '0', 'hotel:starmarketingrecords:query', '#', 'admin', '2024-07-06 14:52:28', '', NULL, '');
INSERT INTO `sys_menu` VALUES (2064, '星级酒店营销管理新增', 2062, 2, '#', '', NULL, '', 1, 0, 'F', '0', '0', 'hotel:starmarketingrecords:add', '#', 'admin', '2024-07-06 14:52:28', '', NULL, '');
INSERT INTO `sys_menu` VALUES (2065, '星级酒店营销管理修改', 2062, 3, '#', '', NULL, '', 1, 0, 'F', '0', '0', 'hotel:starmarketingrecords:edit', '#', 'admin', '2024-07-06 14:52:28', '', NULL, '');
INSERT INTO `sys_menu` VALUES (2066, '星级酒店营销管理删除', 2062, 4, '#', '', NULL, '', 1, 0, 'F', '0', '0', 'hotel:starmarketingrecords:remove', '#', 'admin', '2024-07-06 14:52:28', '', NULL, '');
INSERT INTO `sys_menu` VALUES (2067, '星级酒店营销管理导出', 2062, 5, '#', '', NULL, '', 1, 0, 'F', '0', '0', 'hotel:starmarketingrecords:export', '#', 'admin', '2024-07-06 14:52:28', '', NULL, '');
INSERT INTO `sys_menu` VALUES (2068, '星级酒店房型管理', 2003, 1, 'starroomtypes', 'hotel/starroomtypes/index', NULL, '', 1, 0, 'C', '0', '0', 'hotel:starroomtypes:list', '#', 'admin', '2024-07-06 14:52:33', '', NULL, '星级酒店房型管理菜单');
INSERT INTO `sys_menu` VALUES (2069, '星级酒店房型管理查询', 2068, 1, '#', '', NULL, '', 1, 0, 'F', '0', '0', 'hotel:starroomtypes:query', '#', 'admin', '2024-07-06 14:52:33', '', NULL, '');
INSERT INTO `sys_menu` VALUES (2070, '星级酒店房型管理新增', 2068, 2, '#', '', NULL, '', 1, 0, 'F', '0', '0', 'hotel:starroomtypes:add', '#', 'admin', '2024-07-06 14:52:33', '', NULL, '');
INSERT INTO `sys_menu` VALUES (2071, '星级酒店房型管理修改', 2068, 3, '#', '', NULL, '', 1, 0, 'F', '0', '0', 'hotel:starroomtypes:edit', '#', 'admin', '2024-07-06 14:52:33', '', NULL, '');
INSERT INTO `sys_menu` VALUES (2072, '星级酒店房型管理删除', 2068, 4, '#', '', NULL, '', 1, 0, 'F', '0', '0', 'hotel:starroomtypes:remove', '#', 'admin', '2024-07-06 14:52:33', '', NULL, '');
INSERT INTO `sys_menu` VALUES (2073, '星级酒店房型管理导出', 2068, 5, '#', '', NULL, '', 1, 0, 'F', '0', '0', 'hotel:starroomtypes:export', '#', 'admin', '2024-07-06 14:52:33', '', NULL, '');
INSERT INTO `sys_menu` VALUES (2074, '投诉信息', 2000, 1, 'complaints', 'complaint/complaints/index', NULL, '', 1, 0, 'C', '0', '0', 'complaint:complaints:list', '#', 'admin', '2024-07-06 15:08:00', '', NULL, '投诉信息菜单');
INSERT INTO `sys_menu` VALUES (2075, '投诉信息查询', 2074, 1, '#', '', NULL, '', 1, 0, 'F', '0', '0', 'complaint:complaints:query', '#', 'admin', '2024-07-06 15:08:00', '', NULL, '');
INSERT INTO `sys_menu` VALUES (2076, '投诉信息新增', 2074, 2, '#', '', NULL, '', 1, 0, 'F', '0', '0', 'complaint:complaints:add', '#', 'admin', '2024-07-06 15:08:00', '', NULL, '');
INSERT INTO `sys_menu` VALUES (2077, '投诉信息修改', 2074, 3, '#', '', NULL, '', 1, 0, 'F', '0', '0', 'complaint:complaints:edit', '#', 'admin', '2024-07-06 15:08:00', '', NULL, '');
INSERT INTO `sys_menu` VALUES (2078, '投诉信息删除', 2074, 4, '#', '', NULL, '', 1, 0, 'F', '0', '0', 'complaint:complaints:remove', '#', 'admin', '2024-07-06 15:08:00', '', NULL, '');
INSERT INTO `sys_menu` VALUES (2079, '投诉信息导出', 2074, 5, '#', '', NULL, '', 1, 0, 'F', '0', '0', 'complaint:complaints:export', '#', 'admin', '2024-07-06 15:08:00', '', NULL, '');
INSERT INTO `sys_menu` VALUES (2080, '投诉处理结果反馈', 2000, 1, 'feedbackresults', 'complaint/feedbackresults/index', NULL, '', 1, 0, 'C', '0', '0', 'complaint:feedbackresults:list', '#', 'admin', '2024-07-06 15:08:07', '', NULL, '投诉处理结果反馈菜单');
INSERT INTO `sys_menu` VALUES (2081, '投诉处理结果反馈查询', 2080, 1, '#', '', NULL, '', 1, 0, 'F', '0', '0', 'complaint:feedbackresults:query', '#', 'admin', '2024-07-06 15:08:07', '', NULL, '');
INSERT INTO `sys_menu` VALUES (2082, '投诉处理结果反馈新增', 2080, 2, '#', '', NULL, '', 1, 0, 'F', '0', '0', 'complaint:feedbackresults:add', '#', 'admin', '2024-07-06 15:08:07', '', NULL, '');
INSERT INTO `sys_menu` VALUES (2083, '投诉处理结果反馈修改', 2080, 3, '#', '', NULL, '', 1, 0, 'F', '0', '0', 'complaint:feedbackresults:edit', '#', 'admin', '2024-07-06 15:08:07', '', NULL, '');
INSERT INTO `sys_menu` VALUES (2084, '投诉处理结果反馈删除', 2080, 4, '#', '', NULL, '', 1, 0, 'F', '0', '0', 'complaint:feedbackresults:remove', '#', 'admin', '2024-07-06 15:08:07', '', NULL, '');
INSERT INTO `sys_menu` VALUES (2085, '投诉处理结果反馈导出', 2080, 5, '#', '', NULL, '', 1, 0, 'F', '0', '0', 'complaint:feedbackresults:export', '#', 'admin', '2024-07-06 15:08:07', '', NULL, '');
INSERT INTO `sys_menu` VALUES (2086, '投诉处理信息', 2000, 1, 'handlingresults', 'complaint/handlingresults/index', NULL, '', 1, 0, 'C', '0', '0', 'complaint:handlingresults:list', '#', 'admin', '2024-07-06 15:08:14', '', NULL, '投诉处理信息菜单');
INSERT INTO `sys_menu` VALUES (2087, '投诉处理信息查询', 2086, 1, '#', '', NULL, '', 1, 0, 'F', '0', '0', 'complaint:handlingresults:query', '#', 'admin', '2024-07-06 15:08:14', '', NULL, '');
INSERT INTO `sys_menu` VALUES (2088, '投诉处理信息新增', 2086, 2, '#', '', NULL, '', 1, 0, 'F', '0', '0', 'complaint:handlingresults:add', '#', 'admin', '2024-07-06 15:08:14', '', NULL, '');
INSERT INTO `sys_menu` VALUES (2089, '投诉处理信息修改', 2086, 3, '#', '', NULL, '', 1, 0, 'F', '0', '0', 'complaint:handlingresults:edit', '#', 'admin', '2024-07-06 15:08:14', '', NULL, '');
INSERT INTO `sys_menu` VALUES (2090, '投诉处理信息删除', 2086, 4, '#', '', NULL, '', 1, 0, 'F', '0', '0', 'complaint:handlingresults:remove', '#', 'admin', '2024-07-06 15:08:14', '', NULL, '');
INSERT INTO `sys_menu` VALUES (2091, '投诉处理信息导出', 2086, 5, '#', '', NULL, '', 1, 0, 'F', '0', '0', 'complaint:handlingresults:export', '#', 'admin', '2024-07-06 15:08:14', '', NULL, '');
INSERT INTO `sys_menu` VALUES (2092, '景点信息', 2006, 1, 'scenicspots', 'scenic/scenicspots/index', NULL, '', 1, 0, 'C', '0', '0', 'scenic:scenicspots:list', '#', 'admin', '2024-07-06 15:31:33', '', NULL, '景点信息菜单');
INSERT INTO `sys_menu` VALUES (2093, '景点信息查询', 2092, 1, '#', '', NULL, '', 1, 0, 'F', '0', '0', 'scenic:scenicspots:query', '#', 'admin', '2024-07-06 15:31:33', '', NULL, '');
INSERT INTO `sys_menu` VALUES (2094, '景点信息新增', 2092, 2, '#', '', NULL, '', 1, 0, 'F', '0', '0', 'scenic:scenicspots:add', '#', 'admin', '2024-07-06 15:31:33', '', NULL, '');
INSERT INTO `sys_menu` VALUES (2095, '景点信息修改', 2092, 3, '#', '', NULL, '', 1, 0, 'F', '0', '0', 'scenic:scenicspots:edit', '#', 'admin', '2024-07-06 15:31:33', '', NULL, '');
INSERT INTO `sys_menu` VALUES (2096, '景点信息删除', 2092, 4, '#', '', NULL, '', 1, 0, 'F', '0', '0', 'scenic:scenicspots:remove', '#', 'admin', '2024-07-06 15:31:33', '', NULL, '');
INSERT INTO `sys_menu` VALUES (2097, '景点信息导出', 2092, 5, '#', '', NULL, '', 1, 0, 'F', '0', '0', 'scenic:scenicspots:export', '#', 'admin', '2024-07-06 15:31:33', '', NULL, '');
INSERT INTO `sys_menu` VALUES (2098, '景区信息', 2005, 1, 'scenicareas', 'scenic/scenicareas/index', NULL, '', 1, 0, 'C', '0', '0', 'scenic:scenicareas:list', '#', 'admin', '2024-07-06 15:31:37', '', NULL, '景区信息菜单');
INSERT INTO `sys_menu` VALUES (2099, '景区信息查询', 2098, 1, '#', '', NULL, '', 1, 0, 'F', '0', '0', 'scenic:scenicareas:query', '#', 'admin', '2024-07-06 15:31:37', '', NULL, '');
INSERT INTO `sys_menu` VALUES (2100, '景区信息新增', 2098, 2, '#', '', NULL, '', 1, 0, 'F', '0', '0', 'scenic:scenicareas:add', '#', 'admin', '2024-07-06 15:31:37', '', NULL, '');
INSERT INTO `sys_menu` VALUES (2101, '景区信息修改', 2098, 3, '#', '', NULL, '', 1, 0, 'F', '0', '0', 'scenic:scenicareas:edit', '#', 'admin', '2024-07-06 15:31:37', '', NULL, '');
INSERT INTO `sys_menu` VALUES (2102, '景区信息删除', 2098, 4, '#', '', NULL, '', 1, 0, 'F', '0', '0', 'scenic:scenicareas:remove', '#', 'admin', '2024-07-06 15:31:37', '', NULL, '');
INSERT INTO `sys_menu` VALUES (2103, '景区信息导出', 2098, 5, '#', '', NULL, '', 1, 0, 'F', '0', '0', 'scenic:scenicareas:export', '#', 'admin', '2024-07-06 15:31:37', '', NULL, '');
INSERT INTO `sys_menu` VALUES (2104, '餐饮娱乐评价', 2009, 1, 'reviews', 'entertainment/reviews/index', NULL, '', 1, 0, 'C', '0', '0', 'entertainment:reviews:list', '#', 'admin', '2024-07-06 15:31:45', '', NULL, '餐饮娱乐评价菜单');
INSERT INTO `sys_menu` VALUES (2105, '餐饮娱乐评价查询', 2104, 1, '#', '', NULL, '', 1, 0, 'F', '0', '0', 'entertainment:reviews:query', '#', 'admin', '2024-07-06 15:31:45', '', NULL, '');
INSERT INTO `sys_menu` VALUES (2106, '餐饮娱乐评价新增', 2104, 2, '#', '', NULL, '', 1, 0, 'F', '0', '0', 'entertainment:reviews:add', '#', 'admin', '2024-07-06 15:31:45', '', NULL, '');
INSERT INTO `sys_menu` VALUES (2107, '餐饮娱乐评价修改', 2104, 3, '#', '', NULL, '', 1, 0, 'F', '0', '0', 'entertainment:reviews:edit', '#', 'admin', '2024-07-06 15:31:45', '', NULL, '');
INSERT INTO `sys_menu` VALUES (2108, '餐饮娱乐评价删除', 2104, 4, '#', '', NULL, '', 1, 0, 'F', '0', '0', 'entertainment:reviews:remove', '#', 'admin', '2024-07-06 15:31:45', '', NULL, '');
INSERT INTO `sys_menu` VALUES (2109, '餐饮娱乐评价导出', 2104, 5, '#', '', NULL, '', 1, 0, 'F', '0', '0', 'entertainment:reviews:export', '#', 'admin', '2024-07-06 15:31:45', '', NULL, '');
INSERT INTO `sys_menu` VALUES (2110, '演出团体信息', 2010, 1, 'performancegroups', 'entertainment/performancegroups/index', NULL, '', 1, 0, 'C', '0', '0', 'entertainment:performancegroups:list', '#', 'admin', '2024-07-06 15:31:49', '', NULL, '演出团体信息菜单');
INSERT INTO `sys_menu` VALUES (2111, '演出团体信息查询', 2110, 1, '#', '', NULL, '', 1, 0, 'F', '0', '0', 'entertainment:performancegroups:query', '#', 'admin', '2024-07-06 15:31:49', '', NULL, '');
INSERT INTO `sys_menu` VALUES (2112, '演出团体信息新增', 2110, 2, '#', '', NULL, '', 1, 0, 'F', '0', '0', 'entertainment:performancegroups:add', '#', 'admin', '2024-07-06 15:31:49', '', NULL, '');
INSERT INTO `sys_menu` VALUES (2113, '演出团体信息修改', 2110, 3, '#', '', NULL, '', 1, 0, 'F', '0', '0', 'entertainment:performancegroups:edit', '#', 'admin', '2024-07-06 15:31:49', '', NULL, '');
INSERT INTO `sys_menu` VALUES (2114, '演出团体信息删除', 2110, 4, '#', '', NULL, '', 1, 0, 'F', '0', '0', 'entertainment:performancegroups:remove', '#', 'admin', '2024-07-06 15:31:49', '', NULL, '');
INSERT INTO `sys_menu` VALUES (2115, '演出团体信息导出', 2110, 5, '#', '', NULL, '', 1, 0, 'F', '0', '0', 'entertainment:performancegroups:export', '#', 'admin', '2024-07-06 15:31:49', '', NULL, '');
INSERT INTO `sys_menu` VALUES (2116, '餐饮娱乐信息', 2009, 1, 'diningentertainment', 'entertainment/diningentertainment/index', NULL, '', 1, 0, 'C', '0', '0', 'entertainment:diningentertainment:list', '#', 'admin', '2024-07-06 15:31:53', '', NULL, '餐饮娱乐信息菜单');
INSERT INTO `sys_menu` VALUES (2117, '餐饮娱乐信息查询', 2116, 1, '#', '', NULL, '', 1, 0, 'F', '0', '0', 'entertainment:diningentertainment:query', '#', 'admin', '2024-07-06 15:31:53', '', NULL, '');
INSERT INTO `sys_menu` VALUES (2118, '餐饮娱乐信息新增', 2116, 2, '#', '', NULL, '', 1, 0, 'F', '0', '0', 'entertainment:diningentertainment:add', '#', 'admin', '2024-07-06 15:31:53', '', NULL, '');
INSERT INTO `sys_menu` VALUES (2119, '餐饮娱乐信息修改', 2116, 3, '#', '', NULL, '', 1, 0, 'F', '0', '0', 'entertainment:diningentertainment:edit', '#', 'admin', '2024-07-06 15:31:53', '', NULL, '');
INSERT INTO `sys_menu` VALUES (2120, '餐饮娱乐信息删除', 2116, 4, '#', '', NULL, '', 1, 0, 'F', '0', '0', 'entertainment:diningentertainment:remove', '#', 'admin', '2024-07-06 15:31:53', '', NULL, '');
INSERT INTO `sys_menu` VALUES (2121, '餐饮娱乐信息导出', 2116, 5, '#', '', NULL, '', 1, 0, 'F', '0', '0', 'entertainment:diningentertainment:export', '#', 'admin', '2024-07-06 15:31:53', '', NULL, '');
INSERT INTO `sys_menu` VALUES (2122, '应急信息', 2001, 1, 'emergencyinfo', 'emergency/emergencyinfo/index', NULL, '', 1, 0, 'C', '0', '0', 'emergency:emergencyinfo:list', '#', 'admin', '2024-07-06 15:32:00', '', NULL, '应急信息菜单');
INSERT INTO `sys_menu` VALUES (2123, '应急信息查询', 2122, 1, '#', '', NULL, '', 1, 0, 'F', '0', '0', 'emergency:emergencyinfo:query', '#', 'admin', '2024-07-06 15:32:00', '', NULL, '');
INSERT INTO `sys_menu` VALUES (2124, '应急信息新增', 2122, 2, '#', '', NULL, '', 1, 0, 'F', '0', '0', 'emergency:emergencyinfo:add', '#', 'admin', '2024-07-06 15:32:00', '', NULL, '');
INSERT INTO `sys_menu` VALUES (2125, '应急信息修改', 2122, 3, '#', '', NULL, '', 1, 0, 'F', '0', '0', 'emergency:emergencyinfo:edit', '#', 'admin', '2024-07-06 15:32:00', '', NULL, '');
INSERT INTO `sys_menu` VALUES (2126, '应急信息删除', 2122, 4, '#', '', NULL, '', 1, 0, 'F', '0', '0', 'emergency:emergencyinfo:remove', '#', 'admin', '2024-07-06 15:32:00', '', NULL, '');
INSERT INTO `sys_menu` VALUES (2127, '应急信息导出', 2122, 5, '#', '', NULL, '', 1, 0, 'F', '0', '0', 'emergency:emergencyinfo:export', '#', 'admin', '2024-07-06 15:32:00', '', NULL, '');

-- ----------------------------
-- Table structure for sys_notice
-- ----------------------------
DROP TABLE IF EXISTS `sys_notice`;
CREATE TABLE `sys_notice`  (
  `notice_id` int NOT NULL AUTO_INCREMENT COMMENT '公告ID',
  `notice_title` varchar(50) CHARACTER SET utf8mb4 COLLATE utf8mb4_0900_ai_ci NOT NULL COMMENT '公告标题',
  `notice_type` char(1) CHARACTER SET utf8mb4 COLLATE utf8mb4_0900_ai_ci NOT NULL COMMENT '公告类型（1通知 2公告）',
  `notice_content` longblob NULL COMMENT '公告内容',
  `status` char(1) CHARACTER SET utf8mb4 COLLATE utf8mb4_0900_ai_ci NULL DEFAULT '0' COMMENT '公告状态（0正常 1关闭）',
  `create_by` varchar(64) CHARACTER SET utf8mb4 COLLATE utf8mb4_0900_ai_ci NULL DEFAULT '' COMMENT '创建者',
  `create_time` datetime NULL DEFAULT NULL COMMENT '创建时间',
  `update_by` varchar(64) CHARACTER SET utf8mb4 COLLATE utf8mb4_0900_ai_ci NULL DEFAULT '' COMMENT '更新者',
  `update_time` datetime NULL DEFAULT NULL COMMENT '更新时间',
  `remark` varchar(255) CHARACTER SET utf8mb4 COLLATE utf8mb4_0900_ai_ci NULL DEFAULT NULL COMMENT '备注',
  PRIMARY KEY (`notice_id`) USING BTREE
) ENGINE = InnoDB AUTO_INCREMENT = 10 CHARACTER SET = utf8mb4 COLLATE = utf8mb4_0900_ai_ci COMMENT = '通知公告表' ROW_FORMAT = Dynamic;

-- ----------------------------
-- Records of sys_notice
-- ----------------------------
INSERT INTO `sys_notice` VALUES (1, '温馨提醒：2018-07-01 若依新版本发布啦', '2', 0xE696B0E78988E69CACE58685E5AEB9, '0', 'admin', '2024-07-05 20:36:45', '', NULL, '管理员');
INSERT INTO `sys_notice` VALUES (2, '维护通知：2018-07-01 若依系统凌晨维护', '1', 0xE7BBB4E68AA4E58685E5AEB9, '0', 'admin', '2024-07-05 20:36:45', '', NULL, '管理员');

-- ----------------------------
-- Table structure for sys_oper_log
-- ----------------------------
DROP TABLE IF EXISTS `sys_oper_log`;
CREATE TABLE `sys_oper_log`  (
  `oper_id` bigint NOT NULL AUTO_INCREMENT COMMENT '日志主键',
  `title` varchar(50) CHARACTER SET utf8mb4 COLLATE utf8mb4_0900_ai_ci NULL DEFAULT '' COMMENT '模块标题',
  `business_type` int NULL DEFAULT 0 COMMENT '业务类型（0其它 1新增 2修改 3删除）',
  `method` varchar(200) CHARACTER SET utf8mb4 COLLATE utf8mb4_0900_ai_ci NULL DEFAULT '' COMMENT '方法名称',
  `request_method` varchar(10) CHARACTER SET utf8mb4 COLLATE utf8mb4_0900_ai_ci NULL DEFAULT '' COMMENT '请求方式',
  `operator_type` int NULL DEFAULT 0 COMMENT '操作类别（0其它 1后台用户 2手机端用户）',
  `oper_name` varchar(50) CHARACTER SET utf8mb4 COLLATE utf8mb4_0900_ai_ci NULL DEFAULT '' COMMENT '操作人员',
  `dept_name` varchar(50) CHARACTER SET utf8mb4 COLLATE utf8mb4_0900_ai_ci NULL DEFAULT '' COMMENT '部门名称',
  `oper_url` varchar(255) CHARACTER SET utf8mb4 COLLATE utf8mb4_0900_ai_ci NULL DEFAULT '' COMMENT '请求URL',
  `oper_ip` varchar(128) CHARACTER SET utf8mb4 COLLATE utf8mb4_0900_ai_ci NULL DEFAULT '' COMMENT '主机地址',
  `oper_location` varchar(255) CHARACTER SET utf8mb4 COLLATE utf8mb4_0900_ai_ci NULL DEFAULT '' COMMENT '操作地点',
  `oper_param` varchar(2000) CHARACTER SET utf8mb4 COLLATE utf8mb4_0900_ai_ci NULL DEFAULT '' COMMENT '请求参数',
  `json_result` varchar(2000) CHARACTER SET utf8mb4 COLLATE utf8mb4_0900_ai_ci NULL DEFAULT '' COMMENT '返回参数',
  `status` int NULL DEFAULT 0 COMMENT '操作状态（0正常 1异常）',
  `error_msg` varchar(2000) CHARACTER SET utf8mb4 COLLATE utf8mb4_0900_ai_ci NULL DEFAULT '' COMMENT '错误消息',
  `oper_time` datetime NULL DEFAULT NULL COMMENT '操作时间',
  `cost_time` bigint NULL DEFAULT 0 COMMENT '消耗时间',
  PRIMARY KEY (`oper_id`) USING BTREE,
  INDEX `idx_sys_oper_log_bt`(`business_type` ASC) USING BTREE,
  INDEX `idx_sys_oper_log_s`(`status` ASC) USING BTREE,
  INDEX `idx_sys_oper_log_ot`(`oper_time` ASC) USING BTREE
) ENGINE = InnoDB AUTO_INCREMENT = 100 CHARACTER SET = utf8mb4 COLLATE = utf8mb4_0900_ai_ci COMMENT = '操作日志记录' ROW_FORMAT = Dynamic;

-- ----------------------------
-- Records of sys_oper_log
-- ----------------------------
INSERT INTO `sys_oper_log` VALUES (100, '菜单管理', 1, 'com.ruoyi.system.controller.SysMenuController.add()', 'POST', 1, 'admin', NULL, '/menu', '127.0.0.1', '', '{\"children\":[],\"createBy\":\"admin\",\"isCache\":\"0\",\"isFrame\":\"1\",\"menuName\":\"投诉管理\",\"menuType\":\"M\",\"orderNum\":0,\"params\":{},\"parentId\":0,\"path\":\"complaint\",\"status\":\"0\",\"visible\":\"0\"}', '{\"msg\":\"操作成功\",\"code\":200}', 0, NULL, '2024-07-05 21:39:35', 39);
INSERT INTO `sys_oper_log` VALUES (101, '菜单管理', 1, 'com.ruoyi.system.controller.SysMenuController.add()', 'POST', 1, 'admin', NULL, '/menu', '127.0.0.1', '', '{\"children\":[],\"createBy\":\"admin\",\"isCache\":\"0\",\"isFrame\":\"1\",\"menuName\":\"应急信息管理\",\"menuType\":\"M\",\"orderNum\":0,\"params\":{},\"parentId\":0,\"path\":\"emegency\",\"status\":\"0\",\"visible\":\"0\"}', '{\"msg\":\"操作成功\",\"code\":200}', 0, NULL, '2024-07-05 21:40:07', 15);
INSERT INTO `sys_oper_log` VALUES (102, '菜单管理', 1, 'com.ruoyi.system.controller.SysMenuController.add()', 'POST', 1, 'admin', NULL, '/menu', '127.0.0.1', '', '{\"children\":[],\"createBy\":\"admin\",\"isCache\":\"0\",\"isFrame\":\"1\",\"menuName\":\"酒店管理\",\"menuType\":\"M\",\"orderNum\":2,\"params\":{},\"parentId\":0,\"path\":\"hotel\",\"status\":\"0\",\"visible\":\"0\"}', '{\"msg\":\"操作成功\",\"code\":200}', 0, NULL, '2024-07-05 21:40:45', 13);
INSERT INTO `sys_oper_log` VALUES (103, '菜单管理', 2, 'com.ruoyi.system.controller.SysMenuController.edit()', 'PUT', 1, 'admin', NULL, '/menu', '127.0.0.1', '', '{\"children\":[],\"createTime\":\"2024-07-05 20:36:44\",\"icon\":\"system\",\"isCache\":\"0\",\"isFrame\":\"1\",\"menuId\":1,\"menuName\":\"系统管理\",\"menuType\":\"M\",\"orderNum\":11,\"params\":{},\"parentId\":0,\"path\":\"system\",\"perms\":\"\",\"query\":\"\",\"routeName\":\"\",\"status\":\"0\",\"updateBy\":\"admin\",\"visible\":\"0\"}', '{\"msg\":\"操作成功\",\"code\":200}', 0, NULL, '2024-07-05 21:41:01', 11);
INSERT INTO `sys_oper_log` VALUES (104, '菜单管理', 2, 'com.ruoyi.system.controller.SysMenuController.edit()', 'PUT', 1, 'admin', NULL, '/menu', '127.0.0.1', '', '{\"children\":[],\"createTime\":\"2024-07-05 20:36:44\",\"icon\":\"monitor\",\"isCache\":\"0\",\"isFrame\":\"1\",\"menuId\":2,\"menuName\":\"系统监控\",\"menuType\":\"M\",\"orderNum\":12,\"params\":{},\"parentId\":0,\"path\":\"monitor\",\"perms\":\"\",\"query\":\"\",\"routeName\":\"\",\"status\":\"0\",\"updateBy\":\"admin\",\"visible\":\"0\"}', '{\"msg\":\"操作成功\",\"code\":200}', 0, NULL, '2024-07-05 21:41:07', 13);
INSERT INTO `sys_oper_log` VALUES (105, '菜单管理', 2, 'com.ruoyi.system.controller.SysMenuController.edit()', 'PUT', 1, 'admin', NULL, '/menu', '127.0.0.1', '', '{\"children\":[],\"createTime\":\"2024-07-05 20:36:44\",\"icon\":\"tool\",\"isCache\":\"0\",\"isFrame\":\"1\",\"menuId\":3,\"menuName\":\"系统工具\",\"menuType\":\"M\",\"orderNum\":13,\"params\":{},\"parentId\":0,\"path\":\"tool\",\"perms\":\"\",\"query\":\"\",\"routeName\":\"\",\"status\":\"0\",\"updateBy\":\"admin\",\"visible\":\"0\"}', '{\"msg\":\"操作成功\",\"code\":200}', 0, NULL, '2024-07-05 21:41:11', 9);
INSERT INTO `sys_oper_log` VALUES (106, '菜单管理', 2, 'com.ruoyi.system.controller.SysMenuController.edit()', 'PUT', 1, 'admin', NULL, '/menu', '127.0.0.1', '', '{\"children\":[],\"createTime\":\"2024-07-05 20:36:44\",\"icon\":\"guide\",\"isCache\":\"0\",\"isFrame\":\"0\",\"menuId\":4,\"menuName\":\"若依官网\",\"menuType\":\"M\",\"orderNum\":14,\"params\":{},\"parentId\":0,\"path\":\"http://ruoyi.vip\",\"perms\":\"\",\"query\":\"\",\"routeName\":\"\",\"status\":\"0\",\"updateBy\":\"admin\",\"visible\":\"0\"}', '{\"msg\":\"操作成功\",\"code\":200}', 0, NULL, '2024-07-05 21:41:14', 13);
INSERT INTO `sys_oper_log` VALUES (107, '菜单管理', 2, 'com.ruoyi.system.controller.SysMenuController.edit()', 'PUT', 1, 'admin', NULL, '/menu', '127.0.0.1', '', '{\"children\":[],\"createTime\":\"2024-07-05 21:39:35\",\"icon\":\"#\",\"isCache\":\"0\",\"isFrame\":\"1\",\"menuId\":2000,\"menuName\":\"投诉管理\",\"menuType\":\"M\",\"orderNum\":1,\"params\":{},\"parentId\":0,\"path\":\"complaint\",\"perms\":\"\",\"routeName\":\"\",\"status\":\"0\",\"updateBy\":\"admin\",\"visible\":\"0\"}', '{\"msg\":\"操作成功\",\"code\":200}', 0, NULL, '2024-07-05 21:41:18', 8);
INSERT INTO `sys_oper_log` VALUES (108, '菜单管理', 1, 'com.ruoyi.system.controller.SysMenuController.add()', 'POST', 1, 'admin', NULL, '/menu', '127.0.0.1', '', '{\"children\":[],\"createBy\":\"admin\",\"isCache\":\"0\",\"isFrame\":\"1\",\"menuName\":\"星级酒店管理\",\"menuType\":\"M\",\"orderNum\":0,\"params\":{},\"parentId\":2002,\"path\":\"starhotel\",\"status\":\"0\",\"visible\":\"0\"}', '{\"msg\":\"操作成功\",\"code\":200}', 0, NULL, '2024-07-05 21:41:47', 8);
INSERT INTO `sys_oper_log` VALUES (109, '菜单管理', 1, 'com.ruoyi.system.controller.SysMenuController.add()', 'POST', 1, 'admin', NULL, '/menu', '127.0.0.1', '', '{\"children\":[],\"createBy\":\"admin\",\"isCache\":\"0\",\"isFrame\":\"1\",\"menuName\":\"非星级酒店管理\",\"menuType\":\"M\",\"orderNum\":1,\"params\":{},\"parentId\":2002,\"path\":\"nonstarthotel\",\"status\":\"0\",\"visible\":\"0\"}', '{\"msg\":\"操作成功\",\"code\":200}', 0, NULL, '2024-07-05 21:42:22', 6);
INSERT INTO `sys_oper_log` VALUES (110, '菜单管理', 1, 'com.ruoyi.system.controller.SysMenuController.add()', 'POST', 1, 'admin', NULL, '/menu', '127.0.0.1', '', '{\"children\":[],\"createBy\":\"admin\",\"isCache\":\"0\",\"isFrame\":\"1\",\"menuName\":\"景区管理\",\"menuType\":\"M\",\"orderNum\":3,\"params\":{},\"parentId\":0,\"path\":\"scenicarea\",\"status\":\"0\",\"visible\":\"0\"}', '{\"msg\":\"操作成功\",\"code\":200}', 0, NULL, '2024-07-05 21:43:49', 14);
INSERT INTO `sys_oper_log` VALUES (111, '菜单管理', 1, 'com.ruoyi.system.controller.SysMenuController.add()', 'POST', 1, 'admin', NULL, '/menu', '127.0.0.1', '', '{\"children\":[],\"createBy\":\"admin\",\"isCache\":\"0\",\"isFrame\":\"1\",\"menuName\":\"景点管理\",\"menuType\":\"M\",\"orderNum\":0,\"params\":{},\"parentId\":2005,\"path\":\"scenicspot\",\"status\":\"0\",\"visible\":\"0\"}', '{\"msg\":\"操作成功\",\"code\":200}', 0, NULL, '2024-07-05 21:44:19', 11);
INSERT INTO `sys_oper_log` VALUES (112, '菜单管理', 1, 'com.ruoyi.system.controller.SysMenuController.add()', 'POST', 1, 'admin', NULL, '/menu', '127.0.0.1', '', '{\"children\":[],\"createBy\":\"admin\",\"isCache\":\"0\",\"isFrame\":\"1\",\"menuName\":\"旅游线路管理\",\"menuType\":\"M\",\"orderNum\":1,\"params\":{},\"parentId\":2005,\"path\":\"travelroute\",\"status\":\"0\",\"visible\":\"0\"}', '{\"msg\":\"操作成功\",\"code\":200}', 0, NULL, '2024-07-05 21:45:25', 8);
INSERT INTO `sys_oper_log` VALUES (113, '菜单管理', 1, 'com.ruoyi.system.controller.SysMenuController.add()', 'POST', 1, 'admin', NULL, '/menu', '127.0.0.1', '', '{\"children\":[],\"createBy\":\"admin\",\"isCache\":\"0\",\"isFrame\":\"1\",\"menuName\":\"娱乐餐饮管理\",\"menuType\":\"M\",\"orderNum\":5,\"params\":{},\"parentId\":0,\"path\":\"entertain\",\"status\":\"0\",\"visible\":\"0\"}', '{\"msg\":\"操作成功\",\"code\":200}', 0, NULL, '2024-07-05 21:46:42', 12);
INSERT INTO `sys_oper_log` VALUES (114, '菜单管理', 2, 'com.ruoyi.system.controller.SysMenuController.edit()', 'PUT', 1, 'admin', NULL, '/menu', '127.0.0.1', '', '{\"children\":[],\"createTime\":\"2024-07-05 21:46:42\",\"icon\":\"#\",\"isCache\":\"0\",\"isFrame\":\"1\",\"menuId\":2008,\"menuName\":\"娱乐餐饮管理\",\"menuType\":\"M\",\"orderNum\":4,\"params\":{},\"parentId\":0,\"path\":\"entertain\",\"perms\":\"\",\"routeName\":\"\",\"status\":\"0\",\"updateBy\":\"admin\",\"visible\":\"0\"}', '{\"msg\":\"操作成功\",\"code\":200}', 0, NULL, '2024-07-05 21:46:48', 8);
INSERT INTO `sys_oper_log` VALUES (115, '菜单管理', 1, 'com.ruoyi.system.controller.SysMenuController.add()', 'POST', 1, 'admin', NULL, '/menu', '127.0.0.1', '', '{\"children\":[],\"createBy\":\"admin\",\"isCache\":\"0\",\"isFrame\":\"1\",\"menuName\":\"餐饮娱乐管理\",\"menuType\":\"M\",\"orderNum\":0,\"params\":{},\"parentId\":2008,\"path\":\"entertainAndfood\",\"status\":\"0\",\"visible\":\"0\"}', '{\"msg\":\"操作成功\",\"code\":200}', 0, NULL, '2024-07-05 21:47:50', 9);
INSERT INTO `sys_oper_log` VALUES (116, '菜单管理', 1, 'com.ruoyi.system.controller.SysMenuController.add()', 'POST', 1, 'admin', NULL, '/menu', '127.0.0.1', '', '{\"children\":[],\"createBy\":\"admin\",\"isCache\":\"0\",\"isFrame\":\"1\",\"menuName\":\"演出团体管理\",\"menuType\":\"M\",\"orderNum\":1,\"params\":{},\"parentId\":2008,\"path\":\"performance\",\"status\":\"0\",\"visible\":\"0\"}', '{\"msg\":\"操作成功\",\"code\":200}', 0, NULL, '2024-07-05 21:48:28', 13);
INSERT INTO `sys_oper_log` VALUES (117, '菜单管理', 1, 'com.ruoyi.system.controller.SysMenuController.add()', 'POST', 1, 'admin', NULL, '/menu', '127.0.0.1', '', '{\"children\":[],\"createBy\":\"admin\",\"isCache\":\"0\",\"isFrame\":\"1\",\"menuName\":\"天气路况管理\",\"menuType\":\"M\",\"orderNum\":5,\"params\":{},\"parentId\":0,\"path\":\"weatherAndroad\",\"status\":\"0\",\"visible\":\"0\"}', '{\"msg\":\"操作成功\",\"code\":200}', 0, NULL, '2024-07-05 21:49:30', 19);
INSERT INTO `sys_oper_log` VALUES (118, '菜单管理', 1, 'com.ruoyi.system.controller.SysMenuController.add()', 'POST', 1, 'admin', NULL, '/menu', '127.0.0.1', '', '{\"children\":[],\"createBy\":\"admin\",\"isCache\":\"0\",\"isFrame\":\"1\",\"menuName\":\"天气管理\",\"menuType\":\"M\",\"orderNum\":0,\"params\":{},\"parentId\":2011,\"path\":\"weather\",\"status\":\"0\",\"visible\":\"0\"}', '{\"msg\":\"操作成功\",\"code\":200}', 0, NULL, '2024-07-05 21:49:51', 8);
INSERT INTO `sys_oper_log` VALUES (119, '菜单管理', 1, 'com.ruoyi.system.controller.SysMenuController.add()', 'POST', 1, 'admin', NULL, '/menu', '127.0.0.1', '', '{\"children\":[],\"createBy\":\"admin\",\"isCache\":\"0\",\"isFrame\":\"1\",\"menuName\":\"路况管理\",\"menuType\":\"M\",\"orderNum\":1,\"params\":{},\"parentId\":2011,\"path\":\"road\",\"status\":\"0\",\"visible\":\"0\"}', '{\"msg\":\"操作成功\",\"code\":200}', 0, NULL, '2024-07-05 21:50:12', 12);
INSERT INTO `sys_oper_log` VALUES (120, '代码生成', 6, 'com.ruoyi.gen.controller.GenController.importTableSave()', 'POST', 1, 'admin', NULL, '/gen/importTable', '127.0.0.1', '', '{\"tables\":\"nonstarmarketingrecords,nonstarroomtypes,performancegroups,scenicareas,starbookings,starhotelreviews,starmarketingrecords,starhotels,starroomtypes\"}', '{\"msg\":\"操作成功\",\"code\":200}', 0, NULL, '2024-07-05 21:51:15', 433);
INSERT INTO `sys_oper_log` VALUES (121, '代码生成', 6, 'com.ruoyi.gen.controller.GenController.importTableSave()', 'POST', 1, 'admin', NULL, '/gen/importTable', '127.0.0.1', '', '{\"tables\":\"reviews,emergencyinfo,scenicspots,complaints,feedbackresults,handlingresults,diningentertainment,nonstarbookings,nonstarhotel_reviews,nonstarhotels\"}', '{\"msg\":\"操作成功\",\"code\":200}', 0, NULL, '2024-07-05 21:52:28', 348);
INSERT INTO `sys_oper_log` VALUES (122, '代码生成', 2, 'com.ruoyi.gen.controller.GenController.editSave()', 'PUT', 1, 'admin', NULL, '/gen', '127.0.0.1', '', '{\"businessName\":\"nonstarmarketingrecords\",\"className\":\"Nonstarmarketingrecords\",\"columns\":[{\"capJavaField\":\"Id\",\"columnComment\":\"营销数据id\",\"columnId\":1,\"columnName\":\"id\",\"columnType\":\"int\",\"createBy\":\"admin\",\"createTime\":\"2024-07-05 21:51:15\",\"dictType\":\"\",\"edit\":false,\"htmlType\":\"input\",\"increment\":false,\"insert\":false,\"isIncrement\":\"0\",\"isInsert\":\"0\",\"isPk\":\"1\",\"javaField\":\"id\",\"javaType\":\"Long\",\"list\":false,\"params\":{},\"pk\":true,\"query\":false,\"queryType\":\"EQ\",\"required\":false,\"sort\":1,\"superColumn\":false,\"tableId\":1,\"updateBy\":\"\",\"usableColumn\":false},{\"capJavaField\":\"HotelId\",\"columnComment\":\"酒店id\",\"columnId\":2,\"columnName\":\"hotel_id\",\"columnType\":\"int\",\"createBy\":\"admin\",\"createTime\":\"2024-07-05 21:51:15\",\"dictType\":\"\",\"edit\":true,\"htmlType\":\"input\",\"increment\":false,\"insert\":true,\"isEdit\":\"1\",\"isIncrement\":\"0\",\"isInsert\":\"1\",\"isList\":\"1\",\"isPk\":\"0\",\"isQuery\":\"1\",\"isRequired\":\"1\",\"javaField\":\"hotelId\",\"javaType\":\"Long\",\"list\":true,\"params\":{},\"pk\":false,\"query\":true,\"queryType\":\"EQ\",\"required\":true,\"sort\":2,\"superColumn\":false,\"tableId\":1,\"updateBy\":\"\",\"usableColumn\":false},{\"capJavaField\":\"RoomTypeId\",\"columnComment\":\"房型id\",\"columnId\":3,\"columnName\":\"room_type_id\",\"columnType\":\"int\",\"createBy\":\"admin\",\"createTime\":\"2024-07-05 21:51:15\",\"dictType\":\"\",\"edit\":true,\"htmlType\":\"input\",\"increment\":false,\"insert\":true,\"isEdit\":\"1\",\"isIncrement\":\"0\",\"isInsert\":\"1\",\"isList\":\"1\",\"isPk\":\"0\",\"isQuery\":\"1\",\"isRequired\":\"1\",\"javaField\":\"roomTypeId\",\"javaType\":\"Long\",\"list\":true,\"params\":{},\"pk\":false,\"query\":true,\"queryType\":\"EQ\",\"required\":true,\"sort\":3,\"superColumn\":false,\"tableId\":1,\"updateBy\":\"\",\"usableColumn\":false},{\"capJavaField\":\"TotalSales\",\"columnComment\":\"总销量\",\"columnId\":4,\"columnName\":\"total_sales\",\"columnType\":\"int\",\"createBy\":\"admin\",\"createTime\":\"2024-07-05 21:51:15\",\"dictType\":\"\",\"edit\":true,\"htmlType\":\"input\",\"increment\":false,\"insert\":true,\"isEdit\":\"1\",\"isIncrement\":\"0\",\"isInsert\":\"1\",\"isList\":\"1\",\"isPk\":\"0\",\"isQuery\":\"0\",\"javaField\":\"totalSales\",\"javaType\":', '{\"msg\":\"操作成功\",\"code\":200}', 0, NULL, '2024-07-05 23:07:20', 193);
INSERT INTO `sys_oper_log` VALUES (123, '代码生成', 2, 'com.ruoyi.gen.controller.GenController.editSave()', 'PUT', 1, 'admin', NULL, '/gen', '127.0.0.1', '', '{\"businessName\":\"nonstarroomtypes\",\"className\":\"Nonstarroomtypes\",\"columns\":[{\"capJavaField\":\"Id\",\"columnComment\":\"非星级放行id\",\"columnId\":5,\"columnName\":\"id\",\"columnType\":\"int\",\"createBy\":\"admin\",\"createTime\":\"2024-07-05 21:51:15\",\"dictType\":\"\",\"edit\":false,\"htmlType\":\"input\",\"increment\":false,\"insert\":true,\"isIncrement\":\"0\",\"isInsert\":\"1\",\"isPk\":\"1\",\"javaField\":\"id\",\"javaType\":\"Long\",\"list\":false,\"params\":{},\"pk\":true,\"query\":false,\"queryType\":\"EQ\",\"required\":false,\"sort\":1,\"superColumn\":false,\"tableId\":2,\"updateBy\":\"\",\"usableColumn\":false},{\"capJavaField\":\"HotelId\",\"columnComment\":\"酒店id\",\"columnId\":6,\"columnName\":\"hotel_id\",\"columnType\":\"int\",\"createBy\":\"admin\",\"createTime\":\"2024-07-05 21:51:15\",\"dictType\":\"\",\"edit\":true,\"htmlType\":\"input\",\"increment\":false,\"insert\":true,\"isEdit\":\"1\",\"isIncrement\":\"0\",\"isInsert\":\"1\",\"isList\":\"1\",\"isPk\":\"0\",\"isQuery\":\"1\",\"javaField\":\"hotelId\",\"javaType\":\"Long\",\"list\":true,\"params\":{},\"pk\":false,\"query\":true,\"queryType\":\"EQ\",\"required\":false,\"sort\":2,\"superColumn\":false,\"tableId\":2,\"updateBy\":\"\",\"usableColumn\":false},{\"capJavaField\":\"Name\",\"columnComment\":\"房型名称\",\"columnId\":7,\"columnName\":\"name\",\"columnType\":\"varchar(255)\",\"createBy\":\"admin\",\"createTime\":\"2024-07-05 21:51:15\",\"dictType\":\"\",\"edit\":true,\"htmlType\":\"input\",\"increment\":false,\"insert\":true,\"isEdit\":\"1\",\"isIncrement\":\"0\",\"isInsert\":\"1\",\"isList\":\"1\",\"isPk\":\"0\",\"isQuery\":\"1\",\"isRequired\":\"1\",\"javaField\":\"name\",\"javaType\":\"String\",\"list\":true,\"params\":{},\"pk\":false,\"query\":true,\"queryType\":\"LIKE\",\"required\":true,\"sort\":3,\"superColumn\":false,\"tableId\":2,\"updateBy\":\"\",\"usableColumn\":false},{\"capJavaField\":\"Price\",\"columnComment\":\"价格\",\"columnId\":8,\"columnName\":\"price\",\"columnType\":\"decimal(10,2)\",\"createBy\":\"admin\",\"createTime\":\"2024-07-05 21:51:15\",\"dictType\":\"\",\"edit\":true,\"htmlType\":\"input\",\"increment\":false,\"insert\":true,\"isEdit\":\"1\",\"isIncrement\":\"0\",\"isInsert\":\"1\",\"isList\":\"1\",\"isPk\":\"0\",\"isQuery\":\"0\",\"isRequired\":\"1\",\"javaField\":\"price\",\"javaType\":\"BigDecimal\",\"list\":true,\"p', '{\"msg\":\"操作成功\",\"code\":200}', 0, NULL, '2024-07-05 23:10:40', 53);
INSERT INTO `sys_oper_log` VALUES (124, '代码生成', 2, 'com.ruoyi.gen.controller.GenController.editSave()', 'PUT', 1, 'admin', NULL, '/gen', '127.0.0.1', '', '{\"businessName\":\"nonstarmarketingrecords\",\"className\":\"Nonstarmarketingrecords\",\"columns\":[{\"capJavaField\":\"Id\",\"columnComment\":\"营销数据id\",\"columnId\":1,\"columnName\":\"id\",\"columnType\":\"int\",\"createBy\":\"admin\",\"createTime\":\"2024-07-05 21:51:15\",\"dictType\":\"\",\"edit\":false,\"htmlType\":\"input\",\"increment\":false,\"insert\":true,\"isIncrement\":\"0\",\"isInsert\":\"1\",\"isPk\":\"1\",\"javaField\":\"id\",\"javaType\":\"Long\",\"list\":false,\"params\":{},\"pk\":true,\"query\":false,\"queryType\":\"EQ\",\"required\":false,\"sort\":1,\"superColumn\":false,\"tableId\":1,\"updateBy\":\"\",\"updateTime\":\"2024-07-05 23:07:19\",\"usableColumn\":false},{\"capJavaField\":\"HotelId\",\"columnComment\":\"酒店id\",\"columnId\":2,\"columnName\":\"hotel_id\",\"columnType\":\"int\",\"createBy\":\"admin\",\"createTime\":\"2024-07-05 21:51:15\",\"dictType\":\"\",\"edit\":true,\"htmlType\":\"input\",\"increment\":false,\"insert\":true,\"isEdit\":\"1\",\"isIncrement\":\"0\",\"isInsert\":\"1\",\"isList\":\"1\",\"isPk\":\"0\",\"isQuery\":\"1\",\"isRequired\":\"1\",\"javaField\":\"hotelId\",\"javaType\":\"Long\",\"list\":true,\"params\":{},\"pk\":false,\"query\":true,\"queryType\":\"EQ\",\"required\":true,\"sort\":2,\"superColumn\":false,\"tableId\":1,\"updateBy\":\"\",\"updateTime\":\"2024-07-05 23:07:19\",\"usableColumn\":false},{\"capJavaField\":\"RoomTypeId\",\"columnComment\":\"房型id\",\"columnId\":3,\"columnName\":\"room_type_id\",\"columnType\":\"int\",\"createBy\":\"admin\",\"createTime\":\"2024-07-05 21:51:15\",\"dictType\":\"\",\"edit\":true,\"htmlType\":\"input\",\"increment\":false,\"insert\":true,\"isEdit\":\"1\",\"isIncrement\":\"0\",\"isInsert\":\"1\",\"isList\":\"1\",\"isPk\":\"0\",\"isQuery\":\"1\",\"isRequired\":\"1\",\"javaField\":\"roomTypeId\",\"javaType\":\"Long\",\"list\":true,\"params\":{},\"pk\":false,\"query\":true,\"queryType\":\"EQ\",\"required\":true,\"sort\":3,\"superColumn\":false,\"tableId\":1,\"updateBy\":\"\",\"updateTime\":\"2024-07-05 23:07:19\",\"usableColumn\":false},{\"capJavaField\":\"TotalSales\",\"columnComment\":\"总销量\",\"columnId\":4,\"columnName\":\"total_sales\",\"columnType\":\"int\",\"createBy\":\"admin\",\"createTime\":\"2024-07-05 21:51:15\",\"dictType\":\"\",\"edit\":true,\"htmlType\":\"input\",\"increment\":false,\"insert\":true,\"isEdit\":\"1\",\"is', '{\"msg\":\"操作成功\",\"code\":200}', 0, NULL, '2024-07-05 23:10:50', 23);
INSERT INTO `sys_oper_log` VALUES (125, '代码生成', 2, 'com.ruoyi.gen.controller.GenController.editSave()', 'PUT', 1, 'admin', NULL, '/gen', '127.0.0.1', '', '{\"businessName\":\"starbookings\",\"className\":\"Starbookings\",\"columns\":[{\"capJavaField\":\"Id\",\"columnComment\":\"酒店预定信息id\",\"columnId\":22,\"columnName\":\"id\",\"columnType\":\"int\",\"createBy\":\"admin\",\"createTime\":\"2024-07-05 21:51:15\",\"dictType\":\"\",\"edit\":false,\"htmlType\":\"input\",\"increment\":false,\"insert\":true,\"isIncrement\":\"0\",\"isInsert\":\"1\",\"isPk\":\"1\",\"javaField\":\"id\",\"javaType\":\"Long\",\"list\":false,\"params\":{},\"pk\":true,\"query\":false,\"queryType\":\"EQ\",\"required\":false,\"sort\":1,\"superColumn\":false,\"tableId\":5,\"updateBy\":\"\",\"usableColumn\":false},{\"capJavaField\":\"HotelId\",\"columnComment\":\"酒店id\",\"columnId\":23,\"columnName\":\"hotel_id\",\"columnType\":\"int\",\"createBy\":\"admin\",\"createTime\":\"2024-07-05 21:51:15\",\"dictType\":\"\",\"edit\":true,\"htmlType\":\"input\",\"increment\":false,\"insert\":true,\"isEdit\":\"1\",\"isIncrement\":\"0\",\"isInsert\":\"1\",\"isList\":\"1\",\"isPk\":\"0\",\"isQuery\":\"1\",\"isRequired\":\"1\",\"javaField\":\"hotelId\",\"javaType\":\"Long\",\"list\":true,\"params\":{},\"pk\":false,\"query\":true,\"queryType\":\"EQ\",\"required\":true,\"sort\":2,\"superColumn\":false,\"tableId\":5,\"updateBy\":\"\",\"usableColumn\":false},{\"capJavaField\":\"RoomTypeId\",\"columnComment\":\"房型id\",\"columnId\":24,\"columnName\":\"room_type_id\",\"columnType\":\"int\",\"createBy\":\"admin\",\"createTime\":\"2024-07-05 21:51:15\",\"dictType\":\"\",\"edit\":true,\"htmlType\":\"input\",\"increment\":false,\"insert\":true,\"isEdit\":\"1\",\"isIncrement\":\"0\",\"isInsert\":\"1\",\"isList\":\"1\",\"isPk\":\"0\",\"isQuery\":\"1\",\"isRequired\":\"1\",\"javaField\":\"roomTypeId\",\"javaType\":\"Long\",\"list\":true,\"params\":{},\"pk\":false,\"query\":true,\"queryType\":\"EQ\",\"required\":true,\"sort\":3,\"superColumn\":false,\"tableId\":5,\"updateBy\":\"\",\"usableColumn\":false},{\"capJavaField\":\"GuestName\",\"columnComment\":\"用户名称\",\"columnId\":25,\"columnName\":\"guest_name\",\"columnType\":\"varchar(255)\",\"createBy\":\"admin\",\"createTime\":\"2024-07-05 21:51:15\",\"dictType\":\"\",\"edit\":true,\"htmlType\":\"input\",\"increment\":false,\"insert\":true,\"isEdit\":\"1\",\"isIncrement\":\"0\",\"isInsert\":\"1\",\"isList\":\"1\",\"isPk\":\"0\",\"isQuery\":\"1\",\"isRequired\":\"1\",\"javaField\":\"guestName\",\"jav', '{\"msg\":\"操作成功\",\"code\":200}', 0, NULL, '2024-07-05 23:13:53', 21);
INSERT INTO `sys_oper_log` VALUES (126, '代码生成', 3, 'com.ruoyi.gen.controller.GenController.remove()', 'DELETE', 1, 'admin', NULL, '/gen/6', '127.0.0.1', '', '{}', '{\"msg\":\"操作成功\",\"code\":200}', 0, NULL, '2024-07-05 23:16:16', 16);
INSERT INTO `sys_oper_log` VALUES (127, '代码生成', 3, 'com.ruoyi.gen.controller.GenController.remove()', 'DELETE', 1, 'admin', NULL, '/gen/16', '127.0.0.1', '', '{}', '{\"msg\":\"操作成功\",\"code\":200}', 0, NULL, '2024-07-05 23:19:30', 12);
INSERT INTO `sys_oper_log` VALUES (128, '代码生成', 6, 'com.ruoyi.gen.controller.GenController.importTableSave()', 'POST', 1, 'admin', NULL, '/gen/importTable', '127.0.0.1', '', '{\"tables\":\"nonstarhotel_reviews,starhotelreviews\"}', '{\"msg\":\"操作成功\",\"code\":200}', 0, NULL, '2024-07-05 23:19:38', 66);
INSERT INTO `sys_oper_log` VALUES (129, '代码生成', 2, 'com.ruoyi.gen.controller.GenController.editSave()', 'PUT', 1, 'admin', NULL, '/gen', '127.0.0.1', '', '{\"businessName\":\"nonstarmarketingrecords\",\"className\":\"Nonstarmarketingrecords\",\"columns\":[{\"capJavaField\":\"Id\",\"columnComment\":\"营销数据id\",\"columnId\":1,\"columnName\":\"id\",\"columnType\":\"int\",\"createBy\":\"admin\",\"createTime\":\"2024-07-05 21:51:15\",\"dictType\":\"\",\"edit\":false,\"htmlType\":\"input\",\"increment\":false,\"insert\":false,\"isIncrement\":\"0\",\"isInsert\":\"0\",\"isPk\":\"1\",\"javaField\":\"id\",\"javaType\":\"Long\",\"list\":false,\"params\":{},\"pk\":true,\"query\":false,\"queryType\":\"EQ\",\"required\":false,\"sort\":1,\"superColumn\":false,\"tableId\":1,\"updateBy\":\"\",\"updateTime\":\"2024-07-05 23:10:50\",\"usableColumn\":false},{\"capJavaField\":\"HotelId\",\"columnComment\":\"酒店id\",\"columnId\":2,\"columnName\":\"hotel_id\",\"columnType\":\"int\",\"createBy\":\"admin\",\"createTime\":\"2024-07-05 21:51:15\",\"dictType\":\"\",\"edit\":true,\"htmlType\":\"input\",\"increment\":false,\"insert\":true,\"isEdit\":\"1\",\"isIncrement\":\"0\",\"isInsert\":\"1\",\"isList\":\"1\",\"isPk\":\"0\",\"isQuery\":\"1\",\"isRequired\":\"1\",\"javaField\":\"hotelId\",\"javaType\":\"Long\",\"list\":true,\"params\":{},\"pk\":false,\"query\":true,\"queryType\":\"EQ\",\"required\":true,\"sort\":2,\"superColumn\":false,\"tableId\":1,\"updateBy\":\"\",\"updateTime\":\"2024-07-05 23:10:50\",\"usableColumn\":false},{\"capJavaField\":\"RoomTypeId\",\"columnComment\":\"房型id\",\"columnId\":3,\"columnName\":\"room_type_id\",\"columnType\":\"int\",\"createBy\":\"admin\",\"createTime\":\"2024-07-05 21:51:15\",\"dictType\":\"\",\"edit\":true,\"htmlType\":\"input\",\"increment\":false,\"insert\":true,\"isEdit\":\"1\",\"isIncrement\":\"0\",\"isInsert\":\"1\",\"isList\":\"1\",\"isPk\":\"0\",\"isQuery\":\"1\",\"isRequired\":\"1\",\"javaField\":\"roomTypeId\",\"javaType\":\"Long\",\"list\":true,\"params\":{},\"pk\":false,\"query\":true,\"queryType\":\"EQ\",\"required\":true,\"sort\":3,\"superColumn\":false,\"tableId\":1,\"updateBy\":\"\",\"updateTime\":\"2024-07-05 23:10:50\",\"usableColumn\":false},{\"capJavaField\":\"TotalSales\",\"columnComment\":\"总销量\",\"columnId\":4,\"columnName\":\"total_sales\",\"columnType\":\"int\",\"createBy\":\"admin\",\"createTime\":\"2024-07-05 21:51:15\",\"dictType\":\"\",\"edit\":true,\"htmlType\":\"input\",\"increment\":false,\"insert\":true,\"isEdit\":\"1\",\"i', '{\"msg\":\"操作成功\",\"code\":200}', 0, NULL, '2024-07-05 23:19:50', 15);
INSERT INTO `sys_oper_log` VALUES (130, '代码生成', 2, 'com.ruoyi.gen.controller.GenController.editSave()', 'PUT', 1, 'admin', NULL, '/gen', '127.0.0.1', '', '{\"businessName\":\"nonstarroomtypes\",\"className\":\"Nonstarroomtypes\",\"columns\":[{\"capJavaField\":\"Id\",\"columnComment\":\"非星级放行id\",\"columnId\":5,\"columnName\":\"id\",\"columnType\":\"int\",\"createBy\":\"admin\",\"createTime\":\"2024-07-05 21:51:15\",\"dictType\":\"\",\"edit\":false,\"htmlType\":\"input\",\"increment\":false,\"insert\":false,\"isIncrement\":\"0\",\"isInsert\":\"0\",\"isPk\":\"1\",\"javaField\":\"id\",\"javaType\":\"Long\",\"list\":false,\"params\":{},\"pk\":true,\"query\":false,\"queryType\":\"EQ\",\"required\":false,\"sort\":1,\"superColumn\":false,\"tableId\":2,\"updateBy\":\"\",\"updateTime\":\"2024-07-05 23:10:40\",\"usableColumn\":false},{\"capJavaField\":\"HotelId\",\"columnComment\":\"酒店id\",\"columnId\":6,\"columnName\":\"hotel_id\",\"columnType\":\"int\",\"createBy\":\"admin\",\"createTime\":\"2024-07-05 21:51:15\",\"dictType\":\"\",\"edit\":true,\"htmlType\":\"input\",\"increment\":false,\"insert\":true,\"isEdit\":\"1\",\"isIncrement\":\"0\",\"isInsert\":\"1\",\"isList\":\"1\",\"isPk\":\"0\",\"isQuery\":\"1\",\"javaField\":\"hotelId\",\"javaType\":\"Long\",\"list\":true,\"params\":{},\"pk\":false,\"query\":true,\"queryType\":\"EQ\",\"required\":false,\"sort\":2,\"superColumn\":false,\"tableId\":2,\"updateBy\":\"\",\"updateTime\":\"2024-07-05 23:10:40\",\"usableColumn\":false},{\"capJavaField\":\"Name\",\"columnComment\":\"房型名称\",\"columnId\":7,\"columnName\":\"name\",\"columnType\":\"varchar(255)\",\"createBy\":\"admin\",\"createTime\":\"2024-07-05 21:51:15\",\"dictType\":\"\",\"edit\":true,\"htmlType\":\"input\",\"increment\":false,\"insert\":true,\"isEdit\":\"1\",\"isIncrement\":\"0\",\"isInsert\":\"1\",\"isList\":\"1\",\"isPk\":\"0\",\"isQuery\":\"1\",\"isRequired\":\"1\",\"javaField\":\"name\",\"javaType\":\"String\",\"list\":true,\"params\":{},\"pk\":false,\"query\":true,\"queryType\":\"LIKE\",\"required\":true,\"sort\":3,\"superColumn\":false,\"tableId\":2,\"updateBy\":\"\",\"updateTime\":\"2024-07-05 23:10:40\",\"usableColumn\":false},{\"capJavaField\":\"Price\",\"columnComment\":\"价格\",\"columnId\":8,\"columnName\":\"price\",\"columnType\":\"decimal(10,2)\",\"createBy\":\"admin\",\"createTime\":\"2024-07-05 21:51:15\",\"dictType\":\"\",\"edit\":true,\"htmlType\":\"input\",\"increment\":false,\"insert\":true,\"isEdit\":\"1\",\"isIncrement\":\"0\",\"isInsert\":\"1\",\"isList', '{\"msg\":\"操作成功\",\"code\":200}', 0, NULL, '2024-07-05 23:19:55', 14);
INSERT INTO `sys_oper_log` VALUES (131, '代码生成', 2, 'com.ruoyi.gen.controller.GenController.editSave()', 'PUT', 1, 'admin', NULL, '/gen', '127.0.0.1', '', '{\"businessName\":\"starbookings\",\"className\":\"Starbookings\",\"columns\":[{\"capJavaField\":\"Id\",\"columnComment\":\"酒店预定信息id\",\"columnId\":22,\"columnName\":\"id\",\"columnType\":\"int\",\"createBy\":\"admin\",\"createTime\":\"2024-07-05 21:51:15\",\"dictType\":\"\",\"edit\":false,\"htmlType\":\"input\",\"increment\":false,\"insert\":false,\"isIncrement\":\"0\",\"isInsert\":\"0\",\"isPk\":\"1\",\"javaField\":\"id\",\"javaType\":\"Long\",\"list\":false,\"params\":{},\"pk\":true,\"query\":false,\"queryType\":\"EQ\",\"required\":false,\"sort\":1,\"superColumn\":false,\"tableId\":5,\"updateBy\":\"\",\"updateTime\":\"2024-07-05 23:13:53\",\"usableColumn\":false},{\"capJavaField\":\"HotelId\",\"columnComment\":\"酒店id\",\"columnId\":23,\"columnName\":\"hotel_id\",\"columnType\":\"int\",\"createBy\":\"admin\",\"createTime\":\"2024-07-05 21:51:15\",\"dictType\":\"\",\"edit\":true,\"htmlType\":\"input\",\"increment\":false,\"insert\":true,\"isEdit\":\"1\",\"isIncrement\":\"0\",\"isInsert\":\"1\",\"isList\":\"1\",\"isPk\":\"0\",\"isQuery\":\"1\",\"isRequired\":\"1\",\"javaField\":\"hotelId\",\"javaType\":\"Long\",\"list\":true,\"params\":{},\"pk\":false,\"query\":true,\"queryType\":\"EQ\",\"required\":true,\"sort\":2,\"superColumn\":false,\"tableId\":5,\"updateBy\":\"\",\"updateTime\":\"2024-07-05 23:13:53\",\"usableColumn\":false},{\"capJavaField\":\"RoomTypeId\",\"columnComment\":\"房型id\",\"columnId\":24,\"columnName\":\"room_type_id\",\"columnType\":\"int\",\"createBy\":\"admin\",\"createTime\":\"2024-07-05 21:51:15\",\"dictType\":\"\",\"edit\":true,\"htmlType\":\"input\",\"increment\":false,\"insert\":true,\"isEdit\":\"1\",\"isIncrement\":\"0\",\"isInsert\":\"1\",\"isList\":\"1\",\"isPk\":\"0\",\"isQuery\":\"1\",\"isRequired\":\"1\",\"javaField\":\"roomTypeId\",\"javaType\":\"Long\",\"list\":true,\"params\":{},\"pk\":false,\"query\":true,\"queryType\":\"EQ\",\"required\":true,\"sort\":3,\"superColumn\":false,\"tableId\":5,\"updateBy\":\"\",\"updateTime\":\"2024-07-05 23:13:53\",\"usableColumn\":false},{\"capJavaField\":\"GuestName\",\"columnComment\":\"用户名称\",\"columnId\":25,\"columnName\":\"guest_name\",\"columnType\":\"varchar(255)\",\"createBy\":\"admin\",\"createTime\":\"2024-07-05 21:51:15\",\"dictType\":\"\",\"edit\":true,\"htmlType\":\"input\",\"increment\":false,\"insert\":true,\"isEdit\":\"1\",\"isIncreme', '{\"msg\":\"操作成功\",\"code\":200}', 0, NULL, '2024-07-05 23:20:01', 17);
INSERT INTO `sys_oper_log` VALUES (132, '代码生成', 2, 'com.ruoyi.gen.controller.GenController.editSave()', 'PUT', 1, 'admin', NULL, '/gen', '127.0.0.1', '', '{\"businessName\":\"starhotels\",\"className\":\"Starhotels\",\"columns\":[{\"capJavaField\":\"Id\",\"columnComment\":\"星级酒店id\",\"columnId\":33,\"columnName\":\"id\",\"columnType\":\"int\",\"createBy\":\"admin\",\"createTime\":\"2024-07-05 21:51:15\",\"dictType\":\"\",\"edit\":false,\"htmlType\":\"input\",\"increment\":false,\"insert\":false,\"isIncrement\":\"0\",\"isInsert\":\"0\",\"isPk\":\"1\",\"javaField\":\"id\",\"javaType\":\"Long\",\"list\":false,\"params\":{},\"pk\":true,\"query\":false,\"queryType\":\"EQ\",\"required\":false,\"sort\":1,\"superColumn\":false,\"tableId\":7,\"updateBy\":\"\",\"usableColumn\":false},{\"capJavaField\":\"Name\",\"columnComment\":\"酒店名称\",\"columnId\":34,\"columnName\":\"name\",\"columnType\":\"varchar(255)\",\"createBy\":\"admin\",\"createTime\":\"2024-07-05 21:51:15\",\"dictType\":\"\",\"edit\":true,\"htmlType\":\"input\",\"increment\":false,\"insert\":true,\"isEdit\":\"1\",\"isIncrement\":\"0\",\"isInsert\":\"1\",\"isList\":\"1\",\"isPk\":\"0\",\"isQuery\":\"1\",\"isRequired\":\"1\",\"javaField\":\"name\",\"javaType\":\"String\",\"list\":true,\"params\":{},\"pk\":false,\"query\":true,\"queryType\":\"LIKE\",\"required\":true,\"sort\":2,\"superColumn\":false,\"tableId\":7,\"updateBy\":\"\",\"usableColumn\":false},{\"capJavaField\":\"StarLevel\",\"columnComment\":\"酒店星级\",\"columnId\":35,\"columnName\":\"star_level\",\"columnType\":\"int\",\"createBy\":\"admin\",\"createTime\":\"2024-07-05 21:51:15\",\"dictType\":\"\",\"edit\":true,\"htmlType\":\"input\",\"increment\":false,\"insert\":true,\"isEdit\":\"1\",\"isIncrement\":\"0\",\"isInsert\":\"1\",\"isList\":\"1\",\"isPk\":\"0\",\"isQuery\":\"0\",\"isRequired\":\"1\",\"javaField\":\"starLevel\",\"javaType\":\"Long\",\"list\":true,\"params\":{},\"pk\":false,\"query\":false,\"queryType\":\"EQ\",\"required\":true,\"sort\":3,\"superColumn\":false,\"tableId\":7,\"updateBy\":\"\",\"usableColumn\":false},{\"capJavaField\":\"MinPrice\",\"columnComment\":\"最低价\",\"columnId\":36,\"columnName\":\"min_price\",\"columnType\":\"int\",\"createBy\":\"admin\",\"createTime\":\"2024-07-05 21:51:15\",\"dictType\":\"\",\"edit\":true,\"htmlType\":\"input\",\"increment\":false,\"insert\":true,\"isEdit\":\"1\",\"isIncrement\":\"0\",\"isInsert\":\"1\",\"isList\":\"1\",\"isPk\":\"0\",\"isQuery\":\"0\",\"isRequired\":\"1\",\"javaField\":\"minPrice\",\"javaType\":\"Long\",\"lis', '{\"msg\":\"操作成功\",\"code\":200}', 0, NULL, '2024-07-05 23:21:29', 17);
INSERT INTO `sys_oper_log` VALUES (133, '代码生成', 2, 'com.ruoyi.gen.controller.GenController.editSave()', 'PUT', 1, 'admin', NULL, '/gen', '127.0.0.1', '', '{\"businessName\":\"nonstarroomtypes\",\"className\":\"Nonstarroomtypes\",\"columns\":[{\"capJavaField\":\"Id\",\"columnComment\":\"非星级放行id\",\"columnId\":5,\"columnName\":\"id\",\"columnType\":\"int\",\"createBy\":\"admin\",\"createTime\":\"2024-07-05 21:51:15\",\"dictType\":\"\",\"edit\":false,\"htmlType\":\"input\",\"increment\":false,\"insert\":false,\"isIncrement\":\"0\",\"isInsert\":\"0\",\"isPk\":\"1\",\"javaField\":\"id\",\"javaType\":\"Long\",\"list\":false,\"params\":{},\"pk\":true,\"query\":false,\"queryType\":\"EQ\",\"required\":false,\"sort\":1,\"superColumn\":false,\"tableId\":2,\"updateBy\":\"\",\"updateTime\":\"2024-07-05 23:19:55\",\"usableColumn\":false},{\"capJavaField\":\"HotelId\",\"columnComment\":\"酒店id\",\"columnId\":6,\"columnName\":\"hotel_id\",\"columnType\":\"int\",\"createBy\":\"admin\",\"createTime\":\"2024-07-05 21:51:15\",\"dictType\":\"\",\"edit\":true,\"htmlType\":\"input\",\"increment\":false,\"insert\":true,\"isEdit\":\"1\",\"isIncrement\":\"0\",\"isInsert\":\"1\",\"isList\":\"1\",\"isPk\":\"0\",\"isQuery\":\"1\",\"javaField\":\"hotelId\",\"javaType\":\"Long\",\"list\":true,\"params\":{},\"pk\":false,\"query\":true,\"queryType\":\"EQ\",\"required\":false,\"sort\":2,\"superColumn\":false,\"tableId\":2,\"updateBy\":\"\",\"updateTime\":\"2024-07-05 23:19:55\",\"usableColumn\":false},{\"capJavaField\":\"Name\",\"columnComment\":\"房型名称\",\"columnId\":7,\"columnName\":\"name\",\"columnType\":\"varchar(255)\",\"createBy\":\"admin\",\"createTime\":\"2024-07-05 21:51:15\",\"dictType\":\"\",\"edit\":true,\"htmlType\":\"input\",\"increment\":false,\"insert\":true,\"isEdit\":\"1\",\"isIncrement\":\"0\",\"isInsert\":\"1\",\"isList\":\"1\",\"isPk\":\"0\",\"isQuery\":\"1\",\"isRequired\":\"1\",\"javaField\":\"name\",\"javaType\":\"String\",\"list\":true,\"params\":{},\"pk\":false,\"query\":true,\"queryType\":\"LIKE\",\"required\":true,\"sort\":3,\"superColumn\":false,\"tableId\":2,\"updateBy\":\"\",\"updateTime\":\"2024-07-05 23:19:55\",\"usableColumn\":false},{\"capJavaField\":\"Price\",\"columnComment\":\"价格\",\"columnId\":8,\"columnName\":\"price\",\"columnType\":\"decimal(10,2)\",\"createBy\":\"admin\",\"createTime\":\"2024-07-05 21:51:15\",\"dictType\":\"\",\"edit\":true,\"htmlType\":\"input\",\"increment\":false,\"insert\":true,\"isEdit\":\"1\",\"isIncrement\":\"0\",\"isInsert\":\"1\",\"isList', '{\"msg\":\"操作成功\",\"code\":200}', 0, NULL, '2024-07-05 23:21:37', 14);
INSERT INTO `sys_oper_log` VALUES (134, '代码生成', 2, 'com.ruoyi.gen.controller.GenController.editSave()', 'PUT', 1, 'admin', NULL, '/gen', '127.0.0.1', '', '{\"businessName\":\"nonstarmarketingrecords\",\"className\":\"Nonstarmarketingrecords\",\"columns\":[{\"capJavaField\":\"Id\",\"columnComment\":\"营销数据id\",\"columnId\":1,\"columnName\":\"id\",\"columnType\":\"int\",\"createBy\":\"admin\",\"createTime\":\"2024-07-05 21:51:15\",\"dictType\":\"\",\"edit\":false,\"htmlType\":\"input\",\"increment\":false,\"insert\":false,\"isIncrement\":\"0\",\"isInsert\":\"0\",\"isPk\":\"1\",\"javaField\":\"id\",\"javaType\":\"Long\",\"list\":false,\"params\":{},\"pk\":true,\"query\":false,\"queryType\":\"EQ\",\"required\":false,\"sort\":1,\"superColumn\":false,\"tableId\":1,\"updateBy\":\"\",\"updateTime\":\"2024-07-05 23:19:50\",\"usableColumn\":false},{\"capJavaField\":\"HotelId\",\"columnComment\":\"酒店id\",\"columnId\":2,\"columnName\":\"hotel_id\",\"columnType\":\"int\",\"createBy\":\"admin\",\"createTime\":\"2024-07-05 21:51:15\",\"dictType\":\"\",\"edit\":true,\"htmlType\":\"input\",\"increment\":false,\"insert\":true,\"isEdit\":\"1\",\"isIncrement\":\"0\",\"isInsert\":\"1\",\"isList\":\"1\",\"isPk\":\"0\",\"isQuery\":\"1\",\"isRequired\":\"1\",\"javaField\":\"hotelId\",\"javaType\":\"Long\",\"list\":true,\"params\":{},\"pk\":false,\"query\":true,\"queryType\":\"EQ\",\"required\":true,\"sort\":2,\"superColumn\":false,\"tableId\":1,\"updateBy\":\"\",\"updateTime\":\"2024-07-05 23:19:50\",\"usableColumn\":false},{\"capJavaField\":\"RoomTypeId\",\"columnComment\":\"房型id\",\"columnId\":3,\"columnName\":\"room_type_id\",\"columnType\":\"int\",\"createBy\":\"admin\",\"createTime\":\"2024-07-05 21:51:15\",\"dictType\":\"\",\"edit\":true,\"htmlType\":\"input\",\"increment\":false,\"insert\":true,\"isEdit\":\"1\",\"isIncrement\":\"0\",\"isInsert\":\"1\",\"isList\":\"1\",\"isPk\":\"0\",\"isQuery\":\"1\",\"isRequired\":\"1\",\"javaField\":\"roomTypeId\",\"javaType\":\"Long\",\"list\":true,\"params\":{},\"pk\":false,\"query\":true,\"queryType\":\"EQ\",\"required\":true,\"sort\":3,\"superColumn\":false,\"tableId\":1,\"updateBy\":\"\",\"updateTime\":\"2024-07-05 23:19:50\",\"usableColumn\":false},{\"capJavaField\":\"TotalSales\",\"columnComment\":\"总销量\",\"columnId\":4,\"columnName\":\"total_sales\",\"columnType\":\"int\",\"createBy\":\"admin\",\"createTime\":\"2024-07-05 21:51:15\",\"dictType\":\"\",\"edit\":true,\"htmlType\":\"input\",\"increment\":false,\"insert\":true,\"isEdit\":\"1\",\"i', '{\"msg\":\"操作成功\",\"code\":200}', 0, NULL, '2024-07-05 23:21:43', 13);
INSERT INTO `sys_oper_log` VALUES (135, '代码生成', 2, 'com.ruoyi.gen.controller.GenController.editSave()', 'PUT', 1, 'admin', NULL, '/gen', '127.0.0.1', '', '{\"businessName\":\"starbookings\",\"className\":\"Starbookings\",\"columns\":[{\"capJavaField\":\"Id\",\"columnComment\":\"酒店预定信息id\",\"columnId\":22,\"columnName\":\"id\",\"columnType\":\"int\",\"createBy\":\"admin\",\"createTime\":\"2024-07-05 21:51:15\",\"dictType\":\"\",\"edit\":false,\"htmlType\":\"input\",\"increment\":false,\"insert\":false,\"isIncrement\":\"0\",\"isInsert\":\"0\",\"isPk\":\"1\",\"javaField\":\"id\",\"javaType\":\"Long\",\"list\":false,\"params\":{},\"pk\":true,\"query\":false,\"queryType\":\"EQ\",\"required\":false,\"sort\":1,\"superColumn\":false,\"tableId\":5,\"updateBy\":\"\",\"updateTime\":\"2024-07-05 23:20:01\",\"usableColumn\":false},{\"capJavaField\":\"HotelId\",\"columnComment\":\"酒店id\",\"columnId\":23,\"columnName\":\"hotel_id\",\"columnType\":\"int\",\"createBy\":\"admin\",\"createTime\":\"2024-07-05 21:51:15\",\"dictType\":\"\",\"edit\":true,\"htmlType\":\"input\",\"increment\":false,\"insert\":true,\"isEdit\":\"1\",\"isIncrement\":\"0\",\"isInsert\":\"1\",\"isList\":\"1\",\"isPk\":\"0\",\"isQuery\":\"1\",\"isRequired\":\"1\",\"javaField\":\"hotelId\",\"javaType\":\"Long\",\"list\":true,\"params\":{},\"pk\":false,\"query\":true,\"queryType\":\"EQ\",\"required\":true,\"sort\":2,\"superColumn\":false,\"tableId\":5,\"updateBy\":\"\",\"updateTime\":\"2024-07-05 23:20:01\",\"usableColumn\":false},{\"capJavaField\":\"RoomTypeId\",\"columnComment\":\"房型id\",\"columnId\":24,\"columnName\":\"room_type_id\",\"columnType\":\"int\",\"createBy\":\"admin\",\"createTime\":\"2024-07-05 21:51:15\",\"dictType\":\"\",\"edit\":true,\"htmlType\":\"input\",\"increment\":false,\"insert\":true,\"isEdit\":\"1\",\"isIncrement\":\"0\",\"isInsert\":\"1\",\"isList\":\"1\",\"isPk\":\"0\",\"isQuery\":\"1\",\"isRequired\":\"1\",\"javaField\":\"roomTypeId\",\"javaType\":\"Long\",\"list\":true,\"params\":{},\"pk\":false,\"query\":true,\"queryType\":\"EQ\",\"required\":true,\"sort\":3,\"superColumn\":false,\"tableId\":5,\"updateBy\":\"\",\"updateTime\":\"2024-07-05 23:20:01\",\"usableColumn\":false},{\"capJavaField\":\"GuestName\",\"columnComment\":\"用户名称\",\"columnId\":25,\"columnName\":\"guest_name\",\"columnType\":\"varchar(255)\",\"createBy\":\"admin\",\"createTime\":\"2024-07-05 21:51:15\",\"dictType\":\"\",\"edit\":true,\"htmlType\":\"input\",\"increment\":false,\"insert\":true,\"isEdit\":\"1\",\"isIncreme', '{\"msg\":\"操作成功\",\"code\":200}', 0, NULL, '2024-07-05 23:21:49', 17);
INSERT INTO `sys_oper_log` VALUES (136, '代码生成', 2, 'com.ruoyi.gen.controller.GenController.editSave()', 'PUT', 1, 'admin', NULL, '/gen', '127.0.0.1', '', '{\"businessName\":\"starmarketingrecords\",\"className\":\"Starmarketingrecords\",\"columns\":[{\"capJavaField\":\"Id\",\"columnComment\":\"星级酒店营销id\",\"columnId\":39,\"columnName\":\"id\",\"columnType\":\"int\",\"createBy\":\"admin\",\"createTime\":\"2024-07-05 21:51:15\",\"dictType\":\"\",\"edit\":false,\"htmlType\":\"input\",\"increment\":false,\"insert\":false,\"isIncrement\":\"0\",\"isInsert\":\"0\",\"isPk\":\"1\",\"javaField\":\"id\",\"javaType\":\"Long\",\"list\":false,\"params\":{},\"pk\":true,\"query\":false,\"queryType\":\"EQ\",\"required\":false,\"sort\":1,\"superColumn\":false,\"tableId\":8,\"updateBy\":\"\",\"usableColumn\":false},{\"capJavaField\":\"HotelId\",\"columnComment\":\"酒店id\",\"columnId\":40,\"columnName\":\"hotel_id\",\"columnType\":\"int\",\"createBy\":\"admin\",\"createTime\":\"2024-07-05 21:51:15\",\"dictType\":\"\",\"edit\":true,\"htmlType\":\"input\",\"increment\":false,\"insert\":true,\"isEdit\":\"1\",\"isIncrement\":\"0\",\"isInsert\":\"1\",\"isList\":\"1\",\"isPk\":\"0\",\"isQuery\":\"1\",\"isRequired\":\"1\",\"javaField\":\"hotelId\",\"javaType\":\"Long\",\"list\":true,\"params\":{},\"pk\":false,\"query\":true,\"queryType\":\"EQ\",\"required\":true,\"sort\":2,\"superColumn\":false,\"tableId\":8,\"updateBy\":\"\",\"usableColumn\":false},{\"capJavaField\":\"RoomTypeId\",\"columnComment\":\"房型id\",\"columnId\":41,\"columnName\":\"room_type_id\",\"columnType\":\"int\",\"createBy\":\"admin\",\"createTime\":\"2024-07-05 21:51:15\",\"dictType\":\"\",\"edit\":true,\"htmlType\":\"input\",\"increment\":false,\"insert\":true,\"isEdit\":\"1\",\"isIncrement\":\"0\",\"isInsert\":\"1\",\"isList\":\"1\",\"isPk\":\"0\",\"isQuery\":\"1\",\"isRequired\":\"1\",\"javaField\":\"roomTypeId\",\"javaType\":\"Long\",\"list\":true,\"params\":{},\"pk\":false,\"query\":true,\"queryType\":\"EQ\",\"required\":true,\"sort\":3,\"superColumn\":false,\"tableId\":8,\"updateBy\":\"\",\"usableColumn\":false},{\"capJavaField\":\"TotalSales\",\"columnComment\":\"总销量\",\"columnId\":42,\"columnName\":\"total_sales\",\"columnType\":\"int\",\"createBy\":\"admin\",\"createTime\":\"2024-07-05 21:51:15\",\"dictType\":\"\",\"edit\":true,\"htmlType\":\"input\",\"increment\":false,\"insert\":true,\"isEdit\":\"1\",\"isIncrement\":\"0\",\"isInsert\":\"1\",\"isList\":\"1\",\"isPk\":\"0\",\"isQuery\":\"0\",\"javaField\":\"totalSales\",\"javaType\":', '{\"msg\":\"操作成功\",\"code\":200}', 0, NULL, '2024-07-05 23:23:20', 11);
INSERT INTO `sys_oper_log` VALUES (137, '代码生成', 2, 'com.ruoyi.gen.controller.GenController.editSave()', 'PUT', 1, 'admin', NULL, '/gen', '127.0.0.1', '', '{\"businessName\":\"starroomtypes\",\"className\":\"Starroomtypes\",\"columns\":[{\"capJavaField\":\"Id\",\"columnComment\":\"星级酒店房型id\",\"columnId\":43,\"columnName\":\"id\",\"columnType\":\"int\",\"createBy\":\"admin\",\"createTime\":\"2024-07-05 21:51:15\",\"dictType\":\"\",\"edit\":false,\"htmlType\":\"input\",\"increment\":false,\"insert\":false,\"isIncrement\":\"0\",\"isInsert\":\"0\",\"isPk\":\"1\",\"javaField\":\"id\",\"javaType\":\"Long\",\"list\":false,\"params\":{},\"pk\":true,\"query\":false,\"queryType\":\"EQ\",\"required\":false,\"sort\":1,\"superColumn\":false,\"tableId\":9,\"updateBy\":\"\",\"usableColumn\":false},{\"capJavaField\":\"HotelId\",\"columnComment\":\"酒店id\",\"columnId\":44,\"columnName\":\"hotel_id\",\"columnType\":\"int\",\"createBy\":\"admin\",\"createTime\":\"2024-07-05 21:51:15\",\"dictType\":\"\",\"edit\":true,\"htmlType\":\"input\",\"increment\":false,\"insert\":true,\"isEdit\":\"1\",\"isIncrement\":\"0\",\"isInsert\":\"1\",\"isList\":\"1\",\"isPk\":\"0\",\"isQuery\":\"1\",\"isRequired\":\"1\",\"javaField\":\"hotelId\",\"javaType\":\"Long\",\"list\":true,\"params\":{},\"pk\":false,\"query\":true,\"queryType\":\"EQ\",\"required\":true,\"sort\":2,\"superColumn\":false,\"tableId\":9,\"updateBy\":\"\",\"usableColumn\":false},{\"capJavaField\":\"Name\",\"columnComment\":\"房型名称\",\"columnId\":45,\"columnName\":\"name\",\"columnType\":\"varchar(255)\",\"createBy\":\"admin\",\"createTime\":\"2024-07-05 21:51:15\",\"dictType\":\"\",\"edit\":true,\"htmlType\":\"input\",\"increment\":false,\"insert\":true,\"isEdit\":\"1\",\"isIncrement\":\"0\",\"isInsert\":\"1\",\"isList\":\"1\",\"isPk\":\"0\",\"isQuery\":\"1\",\"isRequired\":\"1\",\"javaField\":\"name\",\"javaType\":\"String\",\"list\":true,\"params\":{},\"pk\":false,\"query\":true,\"queryType\":\"LIKE\",\"required\":true,\"sort\":3,\"superColumn\":false,\"tableId\":9,\"updateBy\":\"\",\"usableColumn\":false},{\"capJavaField\":\"Price\",\"columnComment\":\"价格\",\"columnId\":46,\"columnName\":\"price\",\"columnType\":\"int\",\"createBy\":\"admin\",\"createTime\":\"2024-07-05 21:51:15\",\"dictType\":\"\",\"edit\":true,\"htmlType\":\"input\",\"increment\":false,\"insert\":true,\"isEdit\":\"1\",\"isIncrement\":\"0\",\"isInsert\":\"1\",\"isList\":\"1\",\"isPk\":\"0\",\"isQuery\":\"0\",\"isRequired\":\"1\",\"javaField\":\"price\",\"javaType\":\"Long\",\"list\":true,\"p', '{\"msg\":\"操作成功\",\"code\":200}', 0, NULL, '2024-07-05 23:25:33', 17);
INSERT INTO `sys_oper_log` VALUES (138, '代码生成', 2, 'com.ruoyi.gen.controller.GenController.editSave()', 'PUT', 1, 'admin', NULL, '/gen', '127.0.0.1', '', '{\"businessName\":\"starroomtypes\",\"className\":\"Starroomtypes\",\"columns\":[{\"capJavaField\":\"Id\",\"columnComment\":\"星级酒店房型id\",\"columnId\":43,\"columnName\":\"id\",\"columnType\":\"int\",\"createBy\":\"admin\",\"createTime\":\"2024-07-05 21:51:15\",\"dictType\":\"\",\"edit\":false,\"htmlType\":\"input\",\"increment\":false,\"insert\":false,\"isIncrement\":\"0\",\"isInsert\":\"0\",\"isPk\":\"1\",\"javaField\":\"id\",\"javaType\":\"Long\",\"list\":false,\"params\":{},\"pk\":true,\"query\":false,\"queryType\":\"EQ\",\"required\":false,\"sort\":1,\"superColumn\":false,\"tableId\":9,\"updateBy\":\"\",\"updateTime\":\"2024-07-05 23:25:33\",\"usableColumn\":false},{\"capJavaField\":\"HotelId\",\"columnComment\":\"酒店id\",\"columnId\":44,\"columnName\":\"hotel_id\",\"columnType\":\"int\",\"createBy\":\"admin\",\"createTime\":\"2024-07-05 21:51:15\",\"dictType\":\"\",\"edit\":true,\"htmlType\":\"input\",\"increment\":false,\"insert\":true,\"isEdit\":\"1\",\"isIncrement\":\"0\",\"isInsert\":\"1\",\"isList\":\"1\",\"isPk\":\"0\",\"isQuery\":\"1\",\"isRequired\":\"1\",\"javaField\":\"hotelId\",\"javaType\":\"Long\",\"list\":true,\"params\":{},\"pk\":false,\"query\":true,\"queryType\":\"EQ\",\"required\":true,\"sort\":2,\"superColumn\":false,\"tableId\":9,\"updateBy\":\"\",\"updateTime\":\"2024-07-05 23:25:33\",\"usableColumn\":false},{\"capJavaField\":\"Name\",\"columnComment\":\"房型名称\",\"columnId\":45,\"columnName\":\"name\",\"columnType\":\"varchar(255)\",\"createBy\":\"admin\",\"createTime\":\"2024-07-05 21:51:15\",\"dictType\":\"\",\"edit\":true,\"htmlType\":\"input\",\"increment\":false,\"insert\":true,\"isEdit\":\"1\",\"isIncrement\":\"0\",\"isInsert\":\"1\",\"isList\":\"1\",\"isPk\":\"0\",\"isQuery\":\"1\",\"isRequired\":\"1\",\"javaField\":\"name\",\"javaType\":\"String\",\"list\":true,\"params\":{},\"pk\":false,\"query\":true,\"queryType\":\"LIKE\",\"required\":true,\"sort\":3,\"superColumn\":false,\"tableId\":9,\"updateBy\":\"\",\"updateTime\":\"2024-07-05 23:25:33\",\"usableColumn\":false},{\"capJavaField\":\"Price\",\"columnComment\":\"价格\",\"columnId\":46,\"columnName\":\"price\",\"columnType\":\"int\",\"createBy\":\"admin\",\"createTime\":\"2024-07-05 21:51:15\",\"dictType\":\"\",\"edit\":true,\"htmlType\":\"input\",\"increment\":false,\"insert\":true,\"isEdit\":\"1\",\"isIncrement\":\"0\",\"isInsert\":\"1\",\"i', '{\"msg\":\"操作成功\",\"code\":200}', 0, NULL, '2024-07-05 23:27:13', 14);
INSERT INTO `sys_oper_log` VALUES (139, '代码生成', 3, 'com.ruoyi.gen.controller.GenController.remove()', 'DELETE', 1, 'admin', NULL, '/gen/5,15', '127.0.0.1', '', '{}', '{\"msg\":\"操作成功\",\"code\":200}', 0, NULL, '2024-07-05 23:29:07', 17);
INSERT INTO `sys_oper_log` VALUES (140, '代码生成', 2, 'com.ruoyi.gen.controller.GenController.editSave()', 'PUT', 1, 'admin', NULL, '/gen', '127.0.0.1', '', '{\"businessName\":\"nonstarhotels\",\"className\":\"Nonstarhotels\",\"columns\":[{\"capJavaField\":\"Id\",\"columnComment\":\"非星级酒店id\",\"columnId\":87,\"columnName\":\"id\",\"columnType\":\"int\",\"createBy\":\"admin\",\"createTime\":\"2024-07-05 21:52:28\",\"dictType\":\"\",\"edit\":false,\"htmlType\":\"input\",\"increment\":false,\"insert\":false,\"isIncrement\":\"0\",\"isInsert\":\"0\",\"isPk\":\"1\",\"javaField\":\"id\",\"javaType\":\"Long\",\"list\":false,\"params\":{},\"pk\":true,\"query\":false,\"queryType\":\"EQ\",\"required\":false,\"sort\":1,\"superColumn\":false,\"tableId\":17,\"updateBy\":\"\",\"usableColumn\":false},{\"capJavaField\":\"Name\",\"columnComment\":\"酒店名称\",\"columnId\":88,\"columnName\":\"name\",\"columnType\":\"varchar(255)\",\"createBy\":\"admin\",\"createTime\":\"2024-07-05 21:52:28\",\"dictType\":\"\",\"edit\":true,\"htmlType\":\"input\",\"increment\":false,\"insert\":true,\"isEdit\":\"1\",\"isIncrement\":\"0\",\"isInsert\":\"1\",\"isList\":\"1\",\"isPk\":\"0\",\"isQuery\":\"1\",\"isRequired\":\"1\",\"javaField\":\"name\",\"javaType\":\"String\",\"list\":true,\"params\":{},\"pk\":false,\"query\":true,\"queryType\":\"LIKE\",\"required\":true,\"sort\":2,\"superColumn\":false,\"tableId\":17,\"updateBy\":\"\",\"usableColumn\":false},{\"capJavaField\":\"MinPrice\",\"columnComment\":\"最低价\",\"columnId\":89,\"columnName\":\"min_price\",\"columnType\":\"decimal(10,2)\",\"createBy\":\"admin\",\"createTime\":\"2024-07-05 21:52:28\",\"dictType\":\"\",\"edit\":true,\"htmlType\":\"input\",\"increment\":false,\"insert\":true,\"isEdit\":\"1\",\"isIncrement\":\"0\",\"isInsert\":\"1\",\"isList\":\"1\",\"isPk\":\"0\",\"isQuery\":\"0\",\"isRequired\":\"1\",\"javaField\":\"minPrice\",\"javaType\":\"BigDecimal\",\"list\":true,\"params\":{},\"pk\":false,\"query\":false,\"queryType\":\"EQ\",\"required\":true,\"sort\":3,\"superColumn\":false,\"tableId\":17,\"updateBy\":\"\",\"usableColumn\":false},{\"capJavaField\":\"TotalQuantity\",\"columnComment\":\"总剩余量\",\"columnId\":90,\"columnName\":\"total_quantity\",\"columnType\":\"int\",\"createBy\":\"admin\",\"createTime\":\"2024-07-05 21:52:28\",\"dictType\":\"\",\"edit\":true,\"htmlType\":\"input\",\"increment\":false,\"insert\":true,\"isEdit\":\"1\",\"isIncrement\":\"0\",\"isInsert\":\"1\",\"isList\":\"1\",\"isPk\":\"0\",\"isQuery\":\"0\",\"isRequired\":\"1\",\"javaField\":', '{\"msg\":\"操作成功\",\"code\":200}', 0, NULL, '2024-07-05 23:31:07', 11);
INSERT INTO `sys_oper_log` VALUES (141, '代码生成', 2, 'com.ruoyi.gen.controller.GenController.editSave()', 'PUT', 1, 'admin', NULL, '/gen', '127.0.0.1', '', '{\"businessName\":\"reviews\",\"className\":\"NonstarhotelReviews\",\"columns\":[{\"capJavaField\":\"Id\",\"columnComment\":\"非星级酒店评价id\",\"columnId\":100,\"columnName\":\"id\",\"columnType\":\"int\",\"createBy\":\"admin\",\"createTime\":\"2024-07-05 23:19:38\",\"dictType\":\"\",\"edit\":false,\"htmlType\":\"input\",\"increment\":false,\"insert\":false,\"isIncrement\":\"0\",\"isInsert\":\"0\",\"isPk\":\"1\",\"javaField\":\"id\",\"javaType\":\"Long\",\"list\":false,\"params\":{},\"pk\":true,\"query\":false,\"queryType\":\"EQ\",\"required\":false,\"sort\":1,\"superColumn\":false,\"tableId\":20,\"updateBy\":\"\",\"usableColumn\":false},{\"capJavaField\":\"HotelId\",\"columnComment\":\"酒店id\",\"columnId\":101,\"columnName\":\"hotel_id\",\"columnType\":\"int\",\"createBy\":\"admin\",\"createTime\":\"2024-07-05 23:19:38\",\"dictType\":\"\",\"edit\":true,\"htmlType\":\"input\",\"increment\":false,\"insert\":true,\"isEdit\":\"1\",\"isIncrement\":\"0\",\"isInsert\":\"1\",\"isList\":\"1\",\"isPk\":\"0\",\"isQuery\":\"1\",\"javaField\":\"hotelId\",\"javaType\":\"Long\",\"list\":true,\"params\":{},\"pk\":false,\"query\":true,\"queryType\":\"EQ\",\"required\":false,\"sort\":2,\"superColumn\":false,\"tableId\":20,\"updateBy\":\"\",\"usableColumn\":false},{\"capJavaField\":\"Content\",\"columnComment\":\"内容\",\"columnId\":102,\"columnName\":\"content\",\"columnType\":\"varchar(255)\",\"createBy\":\"admin\",\"createTime\":\"2024-07-05 23:19:38\",\"dictType\":\"\",\"edit\":true,\"htmlType\":\"editor\",\"increment\":false,\"insert\":true,\"isEdit\":\"1\",\"isIncrement\":\"0\",\"isInsert\":\"1\",\"isList\":\"1\",\"isPk\":\"0\",\"isQuery\":\"0\",\"isRequired\":\"1\",\"javaField\":\"content\",\"javaType\":\"String\",\"list\":true,\"params\":{},\"pk\":false,\"query\":false,\"queryType\":\"EQ\",\"required\":true,\"sort\":3,\"superColumn\":false,\"tableId\":20,\"updateBy\":\"\",\"usableColumn\":false},{\"capJavaField\":\"GuestId\",\"columnComment\":\"用户id\",\"columnId\":103,\"columnName\":\"guest_id\",\"columnType\":\"bigint\",\"createBy\":\"admin\",\"createTime\":\"2024-07-05 23:19:38\",\"dictType\":\"\",\"edit\":true,\"htmlType\":\"input\",\"increment\":false,\"insert\":true,\"isEdit\":\"1\",\"isIncrement\":\"0\",\"isInsert\":\"1\",\"isList\":\"1\",\"isPk\":\"0\",\"isQuery\":\"0\",\"isRequired\":\"1\",\"javaField\":\"guestId\",\"javaType\":\"Long\",\"li', '{\"msg\":\"操作成功\",\"code\":200}', 0, NULL, '2024-07-05 23:32:42', 43);
INSERT INTO `sys_oper_log` VALUES (142, '代码生成', 2, 'com.ruoyi.gen.controller.GenController.editSave()', 'PUT', 1, 'admin', NULL, '/gen', '127.0.0.1', '', '{\"businessName\":\"starhotelreviews\",\"className\":\"Starhotelreviews\",\"columns\":[{\"capJavaField\":\"Id\",\"columnComment\":\"星级酒店评价id\",\"columnId\":105,\"columnName\":\"id\",\"columnType\":\"int\",\"createBy\":\"admin\",\"createTime\":\"2024-07-05 23:19:38\",\"dictType\":\"\",\"edit\":false,\"htmlType\":\"input\",\"increment\":false,\"insert\":false,\"isIncrement\":\"0\",\"isInsert\":\"0\",\"isPk\":\"1\",\"javaField\":\"id\",\"javaType\":\"Long\",\"list\":false,\"params\":{},\"pk\":true,\"query\":false,\"queryType\":\"EQ\",\"required\":false,\"sort\":1,\"superColumn\":false,\"tableId\":21,\"updateBy\":\"\",\"usableColumn\":false},{\"capJavaField\":\"HotelId\",\"columnComment\":\"酒店id\",\"columnId\":106,\"columnName\":\"hotel_id\",\"columnType\":\"int\",\"createBy\":\"admin\",\"createTime\":\"2024-07-05 23:19:38\",\"dictType\":\"\",\"edit\":true,\"htmlType\":\"input\",\"increment\":false,\"insert\":true,\"isEdit\":\"1\",\"isIncrement\":\"0\",\"isInsert\":\"1\",\"isList\":\"1\",\"isPk\":\"0\",\"isQuery\":\"1\",\"javaField\":\"hotelId\",\"javaType\":\"Long\",\"list\":true,\"params\":{},\"pk\":false,\"query\":true,\"queryType\":\"EQ\",\"required\":false,\"sort\":2,\"superColumn\":false,\"tableId\":21,\"updateBy\":\"\",\"usableColumn\":false},{\"capJavaField\":\"Content\",\"columnComment\":\"内容\",\"columnId\":107,\"columnName\":\"content\",\"columnType\":\"varchar(255)\",\"createBy\":\"admin\",\"createTime\":\"2024-07-05 23:19:38\",\"dictType\":\"\",\"edit\":true,\"htmlType\":\"editor\",\"increment\":false,\"insert\":true,\"isEdit\":\"1\",\"isIncrement\":\"0\",\"isInsert\":\"1\",\"isList\":\"1\",\"isPk\":\"0\",\"isQuery\":\"0\",\"isRequired\":\"1\",\"javaField\":\"content\",\"javaType\":\"String\",\"list\":true,\"params\":{},\"pk\":false,\"query\":false,\"queryType\":\"EQ\",\"required\":true,\"sort\":3,\"superColumn\":false,\"tableId\":21,\"updateBy\":\"\",\"usableColumn\":false},{\"capJavaField\":\"GuestId\",\"columnComment\":\"用户id\",\"columnId\":108,\"columnName\":\"guest_id\",\"columnType\":\"bigint\",\"createBy\":\"admin\",\"createTime\":\"2024-07-05 23:19:38\",\"dictType\":\"\",\"edit\":true,\"htmlType\":\"input\",\"increment\":false,\"insert\":true,\"isEdit\":\"1\",\"isIncrement\":\"0\",\"isInsert\":\"1\",\"isList\":\"1\",\"isPk\":\"0\",\"isQuery\":\"0\",\"isRequired\":\"1\",\"javaField\":\"guestId\",\"javaType\":\"Long', '{\"msg\":\"操作成功\",\"code\":200}', 0, NULL, '2024-07-05 23:35:12', 44);
INSERT INTO `sys_oper_log` VALUES (143, '代码生成', 2, 'com.ruoyi.gen.controller.GenController.editSave()', 'PUT', 1, 'admin', NULL, '/gen', '127.0.0.1', '', '{\"businessName\":\"reviews\",\"className\":\"NonstarhotelReviews\",\"columns\":[{\"capJavaField\":\"Id\",\"columnComment\":\"非星级酒店评价id\",\"columnId\":100,\"columnName\":\"id\",\"columnType\":\"int\",\"createBy\":\"admin\",\"createTime\":\"2024-07-05 23:19:38\",\"dictType\":\"\",\"edit\":false,\"htmlType\":\"input\",\"increment\":false,\"insert\":false,\"isIncrement\":\"0\",\"isInsert\":\"0\",\"isPk\":\"1\",\"javaField\":\"id\",\"javaType\":\"Long\",\"list\":false,\"params\":{},\"pk\":true,\"query\":false,\"queryType\":\"EQ\",\"required\":false,\"sort\":1,\"superColumn\":false,\"tableId\":20,\"updateBy\":\"\",\"updateTime\":\"2024-07-05 23:32:42\",\"usableColumn\":false},{\"capJavaField\":\"HotelId\",\"columnComment\":\"酒店id\",\"columnId\":101,\"columnName\":\"hotel_id\",\"columnType\":\"int\",\"createBy\":\"admin\",\"createTime\":\"2024-07-05 23:19:38\",\"dictType\":\"\",\"edit\":true,\"htmlType\":\"input\",\"increment\":false,\"insert\":true,\"isEdit\":\"1\",\"isIncrement\":\"0\",\"isInsert\":\"1\",\"isList\":\"1\",\"isPk\":\"0\",\"isQuery\":\"1\",\"javaField\":\"hotelId\",\"javaType\":\"Long\",\"list\":true,\"params\":{},\"pk\":false,\"query\":true,\"queryType\":\"EQ\",\"required\":false,\"sort\":2,\"superColumn\":false,\"tableId\":20,\"updateBy\":\"\",\"updateTime\":\"2024-07-05 23:32:42\",\"usableColumn\":false},{\"capJavaField\":\"Content\",\"columnComment\":\"内容\",\"columnId\":102,\"columnName\":\"content\",\"columnType\":\"varchar(255)\",\"createBy\":\"admin\",\"createTime\":\"2024-07-05 23:19:38\",\"dictType\":\"\",\"edit\":true,\"htmlType\":\"editor\",\"increment\":false,\"insert\":true,\"isEdit\":\"1\",\"isIncrement\":\"0\",\"isInsert\":\"1\",\"isList\":\"1\",\"isPk\":\"0\",\"isQuery\":\"0\",\"isRequired\":\"1\",\"javaField\":\"content\",\"javaType\":\"String\",\"list\":true,\"params\":{},\"pk\":false,\"query\":false,\"queryType\":\"EQ\",\"required\":true,\"sort\":3,\"superColumn\":false,\"tableId\":20,\"updateBy\":\"\",\"updateTime\":\"2024-07-05 23:32:42\",\"usableColumn\":false},{\"capJavaField\":\"GuestId\",\"columnComment\":\"用户id\",\"columnId\":103,\"columnName\":\"guest_id\",\"columnType\":\"bigint\",\"createBy\":\"admin\",\"createTime\":\"2024-07-05 23:19:38\",\"dictType\":\"\",\"edit\":true,\"htmlType\":\"input\",\"increment\":false,\"insert\":true,\"isEdit\":\"1\",\"isIncrement\":\"0\",\"isInser', '{\"msg\":\"操作成功\",\"code\":200}', 0, NULL, '2024-07-05 23:35:21', 10);
INSERT INTO `sys_oper_log` VALUES (144, '代码生成', 2, 'com.ruoyi.gen.controller.GenController.editSave()', 'PUT', 1, 'admin', NULL, '/gen', '127.0.0.1', '', '{\"businessName\":\"nonstarhotels\",\"className\":\"Nonstarhotels\",\"columns\":[{\"capJavaField\":\"Id\",\"columnComment\":\"非星级酒店id\",\"columnId\":87,\"columnName\":\"id\",\"columnType\":\"int\",\"createBy\":\"admin\",\"createTime\":\"2024-07-05 21:52:28\",\"dictType\":\"\",\"edit\":false,\"htmlType\":\"input\",\"increment\":false,\"insert\":false,\"isIncrement\":\"0\",\"isInsert\":\"0\",\"isPk\":\"1\",\"javaField\":\"id\",\"javaType\":\"Long\",\"list\":false,\"params\":{},\"pk\":true,\"query\":false,\"queryType\":\"EQ\",\"required\":false,\"sort\":1,\"superColumn\":false,\"tableId\":17,\"updateBy\":\"\",\"updateTime\":\"2024-07-05 23:31:07\",\"usableColumn\":false},{\"capJavaField\":\"Name\",\"columnComment\":\"酒店名称\",\"columnId\":88,\"columnName\":\"name\",\"columnType\":\"varchar(255)\",\"createBy\":\"admin\",\"createTime\":\"2024-07-05 21:52:28\",\"dictType\":\"\",\"edit\":true,\"htmlType\":\"input\",\"increment\":false,\"insert\":true,\"isEdit\":\"1\",\"isIncrement\":\"0\",\"isInsert\":\"1\",\"isList\":\"1\",\"isPk\":\"0\",\"isQuery\":\"1\",\"isRequired\":\"1\",\"javaField\":\"name\",\"javaType\":\"String\",\"list\":true,\"params\":{},\"pk\":false,\"query\":true,\"queryType\":\"LIKE\",\"required\":true,\"sort\":2,\"superColumn\":false,\"tableId\":17,\"updateBy\":\"\",\"updateTime\":\"2024-07-05 23:31:07\",\"usableColumn\":false},{\"capJavaField\":\"MinPrice\",\"columnComment\":\"最低价\",\"columnId\":89,\"columnName\":\"min_price\",\"columnType\":\"decimal(10,2)\",\"createBy\":\"admin\",\"createTime\":\"2024-07-05 21:52:28\",\"dictType\":\"\",\"edit\":true,\"htmlType\":\"input\",\"increment\":false,\"insert\":true,\"isEdit\":\"1\",\"isIncrement\":\"0\",\"isInsert\":\"1\",\"isList\":\"1\",\"isPk\":\"0\",\"isQuery\":\"0\",\"isRequired\":\"1\",\"javaField\":\"minPrice\",\"javaType\":\"BigDecimal\",\"list\":true,\"params\":{},\"pk\":false,\"query\":false,\"queryType\":\"EQ\",\"required\":true,\"sort\":3,\"superColumn\":false,\"tableId\":17,\"updateBy\":\"\",\"updateTime\":\"2024-07-05 23:31:07\",\"usableColumn\":false},{\"capJavaField\":\"TotalQuantity\",\"columnComment\":\"总剩余量\",\"columnId\":90,\"columnName\":\"total_quantity\",\"columnType\":\"int\",\"createBy\":\"admin\",\"createTime\":\"2024-07-05 21:52:28\",\"dictType\":\"\",\"edit\":true,\"htmlType\":\"input\",\"increment\":false,\"insert\":true,\"isEdit\"', '{\"msg\":\"操作成功\",\"code\":200}', 0, NULL, '2024-07-05 23:35:29', 54);
INSERT INTO `sys_oper_log` VALUES (145, '代码生成', 2, 'com.ruoyi.gen.controller.GenController.editSave()', 'PUT', 1, 'admin', NULL, '/gen', '127.0.0.1', '', '{\"businessName\":\"nonstarmarketingrecords\",\"className\":\"Nonstarmarketingrecords\",\"columns\":[{\"capJavaField\":\"Id\",\"columnComment\":\"营销数据id\",\"columnId\":1,\"columnName\":\"id\",\"columnType\":\"int\",\"createBy\":\"admin\",\"createTime\":\"2024-07-05 21:51:15\",\"dictType\":\"\",\"edit\":false,\"htmlType\":\"input\",\"increment\":false,\"insert\":false,\"isIncrement\":\"0\",\"isInsert\":\"0\",\"isPk\":\"1\",\"javaField\":\"id\",\"javaType\":\"Long\",\"list\":false,\"params\":{},\"pk\":true,\"query\":false,\"queryType\":\"EQ\",\"required\":false,\"sort\":1,\"superColumn\":false,\"tableId\":1,\"updateBy\":\"\",\"updateTime\":\"2024-07-05 23:21:43\",\"usableColumn\":false},{\"capJavaField\":\"HotelId\",\"columnComment\":\"酒店id\",\"columnId\":2,\"columnName\":\"hotel_id\",\"columnType\":\"int\",\"createBy\":\"admin\",\"createTime\":\"2024-07-05 21:51:15\",\"dictType\":\"\",\"edit\":true,\"htmlType\":\"input\",\"increment\":false,\"insert\":true,\"isEdit\":\"1\",\"isIncrement\":\"0\",\"isInsert\":\"1\",\"isList\":\"1\",\"isPk\":\"0\",\"isQuery\":\"1\",\"isRequired\":\"1\",\"javaField\":\"hotelId\",\"javaType\":\"Long\",\"list\":true,\"params\":{},\"pk\":false,\"query\":true,\"queryType\":\"EQ\",\"required\":true,\"sort\":2,\"superColumn\":false,\"tableId\":1,\"updateBy\":\"\",\"updateTime\":\"2024-07-05 23:21:43\",\"usableColumn\":false},{\"capJavaField\":\"RoomTypeId\",\"columnComment\":\"房型id\",\"columnId\":3,\"columnName\":\"room_type_id\",\"columnType\":\"int\",\"createBy\":\"admin\",\"createTime\":\"2024-07-05 21:51:15\",\"dictType\":\"\",\"edit\":true,\"htmlType\":\"input\",\"increment\":false,\"insert\":true,\"isEdit\":\"1\",\"isIncrement\":\"0\",\"isInsert\":\"1\",\"isList\":\"1\",\"isPk\":\"0\",\"isQuery\":\"1\",\"isRequired\":\"1\",\"javaField\":\"roomTypeId\",\"javaType\":\"Long\",\"list\":true,\"params\":{},\"pk\":false,\"query\":true,\"queryType\":\"EQ\",\"required\":true,\"sort\":3,\"superColumn\":false,\"tableId\":1,\"updateBy\":\"\",\"updateTime\":\"2024-07-05 23:21:43\",\"usableColumn\":false},{\"capJavaField\":\"TotalSales\",\"columnComment\":\"总销量\",\"columnId\":4,\"columnName\":\"total_sales\",\"columnType\":\"int\",\"createBy\":\"admin\",\"createTime\":\"2024-07-05 21:51:15\",\"dictType\":\"\",\"edit\":true,\"htmlType\":\"input\",\"increment\":false,\"insert\":true,\"isEdit\":\"1\",\"i', '{\"msg\":\"操作成功\",\"code\":200}', 0, NULL, '2024-07-05 23:36:10', 11);
INSERT INTO `sys_oper_log` VALUES (146, '代码生成', 2, 'com.ruoyi.gen.controller.GenController.editSave()', 'PUT', 1, 'admin', NULL, '/gen', '127.0.0.1', '', '{\"businessName\":\"nonstarroomtypes\",\"className\":\"Nonstarroomtypes\",\"columns\":[{\"capJavaField\":\"Id\",\"columnComment\":\"非星级放行id\",\"columnId\":5,\"columnName\":\"id\",\"columnType\":\"int\",\"createBy\":\"admin\",\"createTime\":\"2024-07-05 21:51:15\",\"dictType\":\"\",\"edit\":false,\"htmlType\":\"input\",\"increment\":false,\"insert\":false,\"isIncrement\":\"0\",\"isInsert\":\"0\",\"isPk\":\"1\",\"javaField\":\"id\",\"javaType\":\"Long\",\"list\":false,\"params\":{},\"pk\":true,\"query\":false,\"queryType\":\"EQ\",\"required\":false,\"sort\":1,\"superColumn\":false,\"tableId\":2,\"updateBy\":\"\",\"updateTime\":\"2024-07-05 23:21:37\",\"usableColumn\":false},{\"capJavaField\":\"HotelId\",\"columnComment\":\"酒店id\",\"columnId\":6,\"columnName\":\"hotel_id\",\"columnType\":\"int\",\"createBy\":\"admin\",\"createTime\":\"2024-07-05 21:51:15\",\"dictType\":\"\",\"edit\":true,\"htmlType\":\"input\",\"increment\":false,\"insert\":true,\"isEdit\":\"1\",\"isIncrement\":\"0\",\"isInsert\":\"1\",\"isList\":\"1\",\"isPk\":\"0\",\"isQuery\":\"1\",\"javaField\":\"hotelId\",\"javaType\":\"Long\",\"list\":true,\"params\":{},\"pk\":false,\"query\":true,\"queryType\":\"EQ\",\"required\":false,\"sort\":2,\"superColumn\":false,\"tableId\":2,\"updateBy\":\"\",\"updateTime\":\"2024-07-05 23:21:37\",\"usableColumn\":false},{\"capJavaField\":\"Name\",\"columnComment\":\"房型名称\",\"columnId\":7,\"columnName\":\"name\",\"columnType\":\"varchar(255)\",\"createBy\":\"admin\",\"createTime\":\"2024-07-05 21:51:15\",\"dictType\":\"\",\"edit\":true,\"htmlType\":\"input\",\"increment\":false,\"insert\":true,\"isEdit\":\"1\",\"isIncrement\":\"0\",\"isInsert\":\"1\",\"isList\":\"1\",\"isPk\":\"0\",\"isQuery\":\"1\",\"isRequired\":\"1\",\"javaField\":\"name\",\"javaType\":\"String\",\"list\":true,\"params\":{},\"pk\":false,\"query\":true,\"queryType\":\"LIKE\",\"required\":true,\"sort\":3,\"superColumn\":false,\"tableId\":2,\"updateBy\":\"\",\"updateTime\":\"2024-07-05 23:21:37\",\"usableColumn\":false},{\"capJavaField\":\"Price\",\"columnComment\":\"价格\",\"columnId\":8,\"columnName\":\"price\",\"columnType\":\"decimal(10,2)\",\"createBy\":\"admin\",\"createTime\":\"2024-07-05 21:51:15\",\"dictType\":\"\",\"edit\":true,\"htmlType\":\"input\",\"increment\":false,\"insert\":true,\"isEdit\":\"1\",\"isIncrement\":\"0\",\"isInsert\":\"1\",\"isList', '{\"msg\":\"操作成功\",\"code\":200}', 0, NULL, '2024-07-05 23:36:18', 44);
INSERT INTO `sys_oper_log` VALUES (147, '代码生成', 2, 'com.ruoyi.gen.controller.GenController.editSave()', 'PUT', 1, 'admin', NULL, '/gen', '127.0.0.1', '', '{\"businessName\":\"starhotels\",\"className\":\"Starhotels\",\"columns\":[{\"capJavaField\":\"Id\",\"columnComment\":\"星级酒店id\",\"columnId\":33,\"columnName\":\"id\",\"columnType\":\"int\",\"createBy\":\"admin\",\"createTime\":\"2024-07-05 21:51:15\",\"dictType\":\"\",\"edit\":false,\"htmlType\":\"input\",\"increment\":false,\"insert\":false,\"isIncrement\":\"0\",\"isInsert\":\"0\",\"isPk\":\"1\",\"javaField\":\"id\",\"javaType\":\"Long\",\"list\":false,\"params\":{},\"pk\":true,\"query\":false,\"queryType\":\"EQ\",\"required\":false,\"sort\":1,\"superColumn\":false,\"tableId\":7,\"updateBy\":\"\",\"updateTime\":\"2024-07-05 23:21:29\",\"usableColumn\":false},{\"capJavaField\":\"Name\",\"columnComment\":\"酒店名称\",\"columnId\":34,\"columnName\":\"name\",\"columnType\":\"varchar(255)\",\"createBy\":\"admin\",\"createTime\":\"2024-07-05 21:51:15\",\"dictType\":\"\",\"edit\":true,\"htmlType\":\"input\",\"increment\":false,\"insert\":true,\"isEdit\":\"1\",\"isIncrement\":\"0\",\"isInsert\":\"1\",\"isList\":\"1\",\"isPk\":\"0\",\"isQuery\":\"1\",\"isRequired\":\"1\",\"javaField\":\"name\",\"javaType\":\"String\",\"list\":true,\"params\":{},\"pk\":false,\"query\":true,\"queryType\":\"LIKE\",\"required\":true,\"sort\":2,\"superColumn\":false,\"tableId\":7,\"updateBy\":\"\",\"updateTime\":\"2024-07-05 23:21:29\",\"usableColumn\":false},{\"capJavaField\":\"StarLevel\",\"columnComment\":\"酒店星级\",\"columnId\":35,\"columnName\":\"star_level\",\"columnType\":\"int\",\"createBy\":\"admin\",\"createTime\":\"2024-07-05 21:51:15\",\"dictType\":\"\",\"edit\":true,\"htmlType\":\"input\",\"increment\":false,\"insert\":true,\"isEdit\":\"1\",\"isIncrement\":\"0\",\"isInsert\":\"1\",\"isList\":\"1\",\"isPk\":\"0\",\"isQuery\":\"0\",\"isRequired\":\"1\",\"javaField\":\"starLevel\",\"javaType\":\"Long\",\"list\":true,\"params\":{},\"pk\":false,\"query\":false,\"queryType\":\"EQ\",\"required\":true,\"sort\":3,\"superColumn\":false,\"tableId\":7,\"updateBy\":\"\",\"updateTime\":\"2024-07-05 23:21:29\",\"usableColumn\":false},{\"capJavaField\":\"MinPrice\",\"columnComment\":\"最低价\",\"columnId\":36,\"columnName\":\"min_price\",\"columnType\":\"int\",\"createBy\":\"admin\",\"createTime\":\"2024-07-05 21:51:15\",\"dictType\":\"\",\"edit\":true,\"htmlType\":\"input\",\"increment\":false,\"insert\":true,\"isEdit\":\"1\",\"isIncrement\":\"0\",\"isInsert\"', '{\"msg\":\"操作成功\",\"code\":200}', 0, NULL, '2024-07-05 23:36:34', 45);
INSERT INTO `sys_oper_log` VALUES (148, '代码生成', 2, 'com.ruoyi.gen.controller.GenController.editSave()', 'PUT', 1, 'admin', NULL, '/gen', '127.0.0.1', '', '{\"businessName\":\"starmarketingrecords\",\"className\":\"Starmarketingrecords\",\"columns\":[{\"capJavaField\":\"Id\",\"columnComment\":\"星级酒店营销id\",\"columnId\":39,\"columnName\":\"id\",\"columnType\":\"int\",\"createBy\":\"admin\",\"createTime\":\"2024-07-05 21:51:15\",\"dictType\":\"\",\"edit\":false,\"htmlType\":\"input\",\"increment\":false,\"insert\":false,\"isIncrement\":\"0\",\"isInsert\":\"0\",\"isPk\":\"1\",\"javaField\":\"id\",\"javaType\":\"Long\",\"list\":false,\"params\":{},\"pk\":true,\"query\":false,\"queryType\":\"EQ\",\"required\":false,\"sort\":1,\"superColumn\":false,\"tableId\":8,\"updateBy\":\"\",\"updateTime\":\"2024-07-05 23:23:20\",\"usableColumn\":false},{\"capJavaField\":\"HotelId\",\"columnComment\":\"酒店id\",\"columnId\":40,\"columnName\":\"hotel_id\",\"columnType\":\"int\",\"createBy\":\"admin\",\"createTime\":\"2024-07-05 21:51:15\",\"dictType\":\"\",\"edit\":true,\"htmlType\":\"input\",\"increment\":false,\"insert\":true,\"isEdit\":\"1\",\"isIncrement\":\"0\",\"isInsert\":\"1\",\"isList\":\"1\",\"isPk\":\"0\",\"isQuery\":\"1\",\"isRequired\":\"1\",\"javaField\":\"hotelId\",\"javaType\":\"Long\",\"list\":true,\"params\":{},\"pk\":false,\"query\":true,\"queryType\":\"EQ\",\"required\":true,\"sort\":2,\"superColumn\":false,\"tableId\":8,\"updateBy\":\"\",\"updateTime\":\"2024-07-05 23:23:20\",\"usableColumn\":false},{\"capJavaField\":\"RoomTypeId\",\"columnComment\":\"房型id\",\"columnId\":41,\"columnName\":\"room_type_id\",\"columnType\":\"int\",\"createBy\":\"admin\",\"createTime\":\"2024-07-05 21:51:15\",\"dictType\":\"\",\"edit\":true,\"htmlType\":\"input\",\"increment\":false,\"insert\":true,\"isEdit\":\"1\",\"isIncrement\":\"0\",\"isInsert\":\"1\",\"isList\":\"1\",\"isPk\":\"0\",\"isQuery\":\"1\",\"isRequired\":\"1\",\"javaField\":\"roomTypeId\",\"javaType\":\"Long\",\"list\":true,\"params\":{},\"pk\":false,\"query\":true,\"queryType\":\"EQ\",\"required\":true,\"sort\":3,\"superColumn\":false,\"tableId\":8,\"updateBy\":\"\",\"updateTime\":\"2024-07-05 23:23:20\",\"usableColumn\":false},{\"capJavaField\":\"TotalSales\",\"columnComment\":\"总销量\",\"columnId\":42,\"columnName\":\"total_sales\",\"columnType\":\"int\",\"createBy\":\"admin\",\"createTime\":\"2024-07-05 21:51:15\",\"dictType\":\"\",\"edit\":true,\"htmlType\":\"input\",\"increment\":false,\"insert\":true,\"isEdit\":\"1\",\"i', '{\"msg\":\"操作成功\",\"code\":200}', 0, NULL, '2024-07-05 23:37:18', 43);
INSERT INTO `sys_oper_log` VALUES (149, '代码生成', 2, 'com.ruoyi.gen.controller.GenController.editSave()', 'PUT', 1, 'admin', NULL, '/gen', '127.0.0.1', '', '{\"businessName\":\"starroomtypes\",\"className\":\"Starroomtypes\",\"columns\":[{\"capJavaField\":\"Id\",\"columnComment\":\"星级酒店房型id\",\"columnId\":43,\"columnName\":\"id\",\"columnType\":\"int\",\"createBy\":\"admin\",\"createTime\":\"2024-07-05 21:51:15\",\"dictType\":\"\",\"edit\":false,\"htmlType\":\"input\",\"increment\":false,\"insert\":false,\"isIncrement\":\"0\",\"isInsert\":\"0\",\"isPk\":\"1\",\"javaField\":\"id\",\"javaType\":\"Long\",\"list\":false,\"params\":{},\"pk\":true,\"query\":false,\"queryType\":\"EQ\",\"required\":false,\"sort\":1,\"superColumn\":false,\"tableId\":9,\"updateBy\":\"\",\"updateTime\":\"2024-07-05 23:27:13\",\"usableColumn\":false},{\"capJavaField\":\"HotelId\",\"columnComment\":\"酒店id\",\"columnId\":44,\"columnName\":\"hotel_id\",\"columnType\":\"int\",\"createBy\":\"admin\",\"createTime\":\"2024-07-05 21:51:15\",\"dictType\":\"\",\"edit\":true,\"htmlType\":\"input\",\"increment\":false,\"insert\":true,\"isEdit\":\"1\",\"isIncrement\":\"0\",\"isInsert\":\"1\",\"isList\":\"1\",\"isPk\":\"0\",\"isQuery\":\"1\",\"isRequired\":\"1\",\"javaField\":\"hotelId\",\"javaType\":\"Long\",\"list\":true,\"params\":{},\"pk\":false,\"query\":true,\"queryType\":\"EQ\",\"required\":true,\"sort\":2,\"superColumn\":false,\"tableId\":9,\"updateBy\":\"\",\"updateTime\":\"2024-07-05 23:27:13\",\"usableColumn\":false},{\"capJavaField\":\"Name\",\"columnComment\":\"房型名称\",\"columnId\":45,\"columnName\":\"name\",\"columnType\":\"varchar(255)\",\"createBy\":\"admin\",\"createTime\":\"2024-07-05 21:51:15\",\"dictType\":\"\",\"edit\":true,\"htmlType\":\"input\",\"increment\":false,\"insert\":true,\"isEdit\":\"1\",\"isIncrement\":\"0\",\"isInsert\":\"1\",\"isList\":\"1\",\"isPk\":\"0\",\"isQuery\":\"1\",\"isRequired\":\"1\",\"javaField\":\"name\",\"javaType\":\"String\",\"list\":true,\"params\":{},\"pk\":false,\"query\":true,\"queryType\":\"LIKE\",\"required\":true,\"sort\":3,\"superColumn\":false,\"tableId\":9,\"updateBy\":\"\",\"updateTime\":\"2024-07-05 23:27:13\",\"usableColumn\":false},{\"capJavaField\":\"Price\",\"columnComment\":\"价格\",\"columnId\":46,\"columnName\":\"price\",\"columnType\":\"int\",\"createBy\":\"admin\",\"createTime\":\"2024-07-05 21:51:15\",\"dictType\":\"\",\"edit\":true,\"htmlType\":\"input\",\"increment\":false,\"insert\":true,\"isEdit\":\"1\",\"isIncrement\":\"0\",\"isInsert\":\"1\",\"i', '{\"msg\":\"操作成功\",\"code\":200}', 0, NULL, '2024-07-05 23:37:27', 52);
INSERT INTO `sys_oper_log` VALUES (150, '代码生成', 2, 'com.ruoyi.gen.controller.GenController.editSave()', 'PUT', 1, 'admin', NULL, '/gen', '127.0.0.1', '', '{\"businessName\":\"starmarketingrecords\",\"className\":\"Starmarketingrecords\",\"columns\":[{\"capJavaField\":\"Id\",\"columnComment\":\"星级酒店营销id\",\"columnId\":39,\"columnName\":\"id\",\"columnType\":\"int\",\"createBy\":\"admin\",\"createTime\":\"2024-07-05 21:51:15\",\"dictType\":\"\",\"edit\":false,\"htmlType\":\"input\",\"increment\":false,\"insert\":false,\"isIncrement\":\"0\",\"isInsert\":\"0\",\"isPk\":\"1\",\"javaField\":\"id\",\"javaType\":\"Long\",\"list\":false,\"params\":{},\"pk\":true,\"query\":false,\"queryType\":\"EQ\",\"required\":false,\"sort\":1,\"superColumn\":false,\"tableId\":8,\"updateBy\":\"\",\"updateTime\":\"2024-07-05 23:37:18\",\"usableColumn\":false},{\"capJavaField\":\"HotelId\",\"columnComment\":\"酒店id\",\"columnId\":40,\"columnName\":\"hotel_id\",\"columnType\":\"int\",\"createBy\":\"admin\",\"createTime\":\"2024-07-05 21:51:15\",\"dictType\":\"\",\"edit\":true,\"htmlType\":\"input\",\"increment\":false,\"insert\":true,\"isEdit\":\"1\",\"isIncrement\":\"0\",\"isInsert\":\"1\",\"isList\":\"1\",\"isPk\":\"0\",\"isQuery\":\"1\",\"isRequired\":\"1\",\"javaField\":\"hotelId\",\"javaType\":\"Long\",\"list\":true,\"params\":{},\"pk\":false,\"query\":true,\"queryType\":\"EQ\",\"required\":true,\"sort\":2,\"superColumn\":false,\"tableId\":8,\"updateBy\":\"\",\"updateTime\":\"2024-07-05 23:37:18\",\"usableColumn\":false},{\"capJavaField\":\"RoomTypeId\",\"columnComment\":\"房型id\",\"columnId\":41,\"columnName\":\"room_type_id\",\"columnType\":\"int\",\"createBy\":\"admin\",\"createTime\":\"2024-07-05 21:51:15\",\"dictType\":\"\",\"edit\":true,\"htmlType\":\"input\",\"increment\":false,\"insert\":true,\"isEdit\":\"1\",\"isIncrement\":\"0\",\"isInsert\":\"1\",\"isList\":\"1\",\"isPk\":\"0\",\"isQuery\":\"1\",\"isRequired\":\"1\",\"javaField\":\"roomTypeId\",\"javaType\":\"Long\",\"list\":true,\"params\":{},\"pk\":false,\"query\":true,\"queryType\":\"EQ\",\"required\":true,\"sort\":3,\"superColumn\":false,\"tableId\":8,\"updateBy\":\"\",\"updateTime\":\"2024-07-05 23:37:18\",\"usableColumn\":false},{\"capJavaField\":\"TotalSales\",\"columnComment\":\"总销量\",\"columnId\":42,\"columnName\":\"total_sales\",\"columnType\":\"int\",\"createBy\":\"admin\",\"createTime\":\"2024-07-05 21:51:15\",\"dictType\":\"\",\"edit\":true,\"htmlType\":\"input\",\"increment\":false,\"insert\":true,\"isEdit\":\"1\",\"i', '{\"msg\":\"操作成功\",\"code\":200}', 0, NULL, '2024-07-05 23:37:37', 45);
INSERT INTO `sys_oper_log` VALUES (151, '代码生成', 2, 'com.ruoyi.gen.controller.GenController.editSave()', 'PUT', 1, 'admin', NULL, '/gen', '127.0.0.1', '', '{\"businessName\":\"starhotels\",\"className\":\"Starhotels\",\"columns\":[{\"capJavaField\":\"Id\",\"columnComment\":\"星级酒店id\",\"columnId\":33,\"columnName\":\"id\",\"columnType\":\"int\",\"createBy\":\"admin\",\"createTime\":\"2024-07-05 21:51:15\",\"dictType\":\"\",\"edit\":false,\"htmlType\":\"input\",\"increment\":false,\"insert\":false,\"isIncrement\":\"0\",\"isInsert\":\"0\",\"isPk\":\"1\",\"javaField\":\"id\",\"javaType\":\"Long\",\"list\":false,\"params\":{},\"pk\":true,\"query\":false,\"queryType\":\"EQ\",\"required\":false,\"sort\":1,\"superColumn\":false,\"tableId\":7,\"updateBy\":\"\",\"updateTime\":\"2024-07-05 23:36:34\",\"usableColumn\":false},{\"capJavaField\":\"Name\",\"columnComment\":\"酒店名称\",\"columnId\":34,\"columnName\":\"name\",\"columnType\":\"varchar(255)\",\"createBy\":\"admin\",\"createTime\":\"2024-07-05 21:51:15\",\"dictType\":\"\",\"edit\":true,\"htmlType\":\"input\",\"increment\":false,\"insert\":true,\"isEdit\":\"1\",\"isIncrement\":\"0\",\"isInsert\":\"1\",\"isList\":\"1\",\"isPk\":\"0\",\"isQuery\":\"1\",\"isRequired\":\"1\",\"javaField\":\"name\",\"javaType\":\"String\",\"list\":true,\"params\":{},\"pk\":false,\"query\":true,\"queryType\":\"LIKE\",\"required\":true,\"sort\":2,\"superColumn\":false,\"tableId\":7,\"updateBy\":\"\",\"updateTime\":\"2024-07-05 23:36:34\",\"usableColumn\":false},{\"capJavaField\":\"StarLevel\",\"columnComment\":\"酒店星级\",\"columnId\":35,\"columnName\":\"star_level\",\"columnType\":\"int\",\"createBy\":\"admin\",\"createTime\":\"2024-07-05 21:51:15\",\"dictType\":\"\",\"edit\":true,\"htmlType\":\"input\",\"increment\":false,\"insert\":true,\"isEdit\":\"1\",\"isIncrement\":\"0\",\"isInsert\":\"1\",\"isList\":\"1\",\"isPk\":\"0\",\"isQuery\":\"0\",\"isRequired\":\"1\",\"javaField\":\"starLevel\",\"javaType\":\"Long\",\"list\":true,\"params\":{},\"pk\":false,\"query\":false,\"queryType\":\"EQ\",\"required\":true,\"sort\":3,\"superColumn\":false,\"tableId\":7,\"updateBy\":\"\",\"updateTime\":\"2024-07-05 23:36:34\",\"usableColumn\":false},{\"capJavaField\":\"MinPrice\",\"columnComment\":\"最低价\",\"columnId\":36,\"columnName\":\"min_price\",\"columnType\":\"int\",\"createBy\":\"admin\",\"createTime\":\"2024-07-05 21:51:15\",\"dictType\":\"\",\"edit\":true,\"htmlType\":\"input\",\"increment\":false,\"insert\":true,\"isEdit\":\"1\",\"isIncrement\":\"0\",\"isInsert\"', '{\"msg\":\"操作成功\",\"code\":200}', 0, NULL, '2024-07-05 23:37:42', 49);
INSERT INTO `sys_oper_log` VALUES (152, '代码生成', 2, 'com.ruoyi.gen.controller.GenController.editSave()', 'PUT', 1, 'admin', NULL, '/gen', '127.0.0.1', '', '{\"businessName\":\"nonstarhotels\",\"className\":\"Nonstarhotels\",\"columns\":[{\"capJavaField\":\"Id\",\"columnComment\":\"非星级酒店id\",\"columnId\":87,\"columnName\":\"id\",\"columnType\":\"int\",\"createBy\":\"admin\",\"createTime\":\"2024-07-05 21:52:28\",\"dictType\":\"\",\"edit\":false,\"htmlType\":\"input\",\"increment\":false,\"insert\":false,\"isIncrement\":\"0\",\"isInsert\":\"0\",\"isPk\":\"1\",\"javaField\":\"id\",\"javaType\":\"Long\",\"list\":false,\"params\":{},\"pk\":true,\"query\":false,\"queryType\":\"EQ\",\"required\":false,\"sort\":1,\"superColumn\":false,\"tableId\":17,\"updateBy\":\"\",\"updateTime\":\"2024-07-05 23:35:29\",\"usableColumn\":false},{\"capJavaField\":\"Name\",\"columnComment\":\"酒店名称\",\"columnId\":88,\"columnName\":\"name\",\"columnType\":\"varchar(255)\",\"createBy\":\"admin\",\"createTime\":\"2024-07-05 21:52:28\",\"dictType\":\"\",\"edit\":true,\"htmlType\":\"input\",\"increment\":false,\"insert\":true,\"isEdit\":\"1\",\"isIncrement\":\"0\",\"isInsert\":\"1\",\"isList\":\"1\",\"isPk\":\"0\",\"isQuery\":\"1\",\"isRequired\":\"1\",\"javaField\":\"name\",\"javaType\":\"String\",\"list\":true,\"params\":{},\"pk\":false,\"query\":true,\"queryType\":\"LIKE\",\"required\":true,\"sort\":2,\"superColumn\":false,\"tableId\":17,\"updateBy\":\"\",\"updateTime\":\"2024-07-05 23:35:29\",\"usableColumn\":false},{\"capJavaField\":\"MinPrice\",\"columnComment\":\"最低价\",\"columnId\":89,\"columnName\":\"min_price\",\"columnType\":\"decimal(10,2)\",\"createBy\":\"admin\",\"createTime\":\"2024-07-05 21:52:28\",\"dictType\":\"\",\"edit\":true,\"htmlType\":\"input\",\"increment\":false,\"insert\":true,\"isEdit\":\"1\",\"isIncrement\":\"0\",\"isInsert\":\"1\",\"isList\":\"1\",\"isPk\":\"0\",\"isQuery\":\"0\",\"isRequired\":\"1\",\"javaField\":\"minPrice\",\"javaType\":\"BigDecimal\",\"list\":true,\"params\":{},\"pk\":false,\"query\":false,\"queryType\":\"EQ\",\"required\":true,\"sort\":3,\"superColumn\":false,\"tableId\":17,\"updateBy\":\"\",\"updateTime\":\"2024-07-05 23:35:29\",\"usableColumn\":false},{\"capJavaField\":\"TotalQuantity\",\"columnComment\":\"总剩余量\",\"columnId\":90,\"columnName\":\"total_quantity\",\"columnType\":\"int\",\"createBy\":\"admin\",\"createTime\":\"2024-07-05 21:52:28\",\"dictType\":\"\",\"edit\":true,\"htmlType\":\"input\",\"increment\":false,\"insert\":true,\"isEdit\"', '{\"msg\":\"操作成功\",\"code\":200}', 0, NULL, '2024-07-05 23:37:47', 37);
INSERT INTO `sys_oper_log` VALUES (153, '代码生成', 2, 'com.ruoyi.gen.controller.GenController.editSave()', 'PUT', 1, 'admin', NULL, '/gen', '127.0.0.1', '', '{\"businessName\":\"reviews\",\"className\":\"NonstarhotelReviews\",\"columns\":[{\"capJavaField\":\"Id\",\"columnComment\":\"非星级酒店评价id\",\"columnId\":100,\"columnName\":\"id\",\"columnType\":\"int\",\"createBy\":\"admin\",\"createTime\":\"2024-07-05 23:19:38\",\"dictType\":\"\",\"edit\":false,\"htmlType\":\"input\",\"increment\":false,\"insert\":false,\"isIncrement\":\"0\",\"isInsert\":\"0\",\"isPk\":\"1\",\"javaField\":\"id\",\"javaType\":\"Long\",\"list\":false,\"params\":{},\"pk\":true,\"query\":false,\"queryType\":\"EQ\",\"required\":false,\"sort\":1,\"superColumn\":false,\"tableId\":20,\"updateBy\":\"\",\"updateTime\":\"2024-07-05 23:35:21\",\"usableColumn\":false},{\"capJavaField\":\"HotelId\",\"columnComment\":\"酒店id\",\"columnId\":101,\"columnName\":\"hotel_id\",\"columnType\":\"int\",\"createBy\":\"admin\",\"createTime\":\"2024-07-05 23:19:38\",\"dictType\":\"\",\"edit\":true,\"htmlType\":\"input\",\"increment\":false,\"insert\":true,\"isEdit\":\"1\",\"isIncrement\":\"0\",\"isInsert\":\"1\",\"isList\":\"1\",\"isPk\":\"0\",\"isQuery\":\"1\",\"javaField\":\"hotelId\",\"javaType\":\"Long\",\"list\":true,\"params\":{},\"pk\":false,\"query\":true,\"queryType\":\"EQ\",\"required\":false,\"sort\":2,\"superColumn\":false,\"tableId\":20,\"updateBy\":\"\",\"updateTime\":\"2024-07-05 23:35:21\",\"usableColumn\":false},{\"capJavaField\":\"Content\",\"columnComment\":\"内容\",\"columnId\":102,\"columnName\":\"content\",\"columnType\":\"varchar(255)\",\"createBy\":\"admin\",\"createTime\":\"2024-07-05 23:19:38\",\"dictType\":\"\",\"edit\":true,\"htmlType\":\"editor\",\"increment\":false,\"insert\":true,\"isEdit\":\"1\",\"isIncrement\":\"0\",\"isInsert\":\"1\",\"isList\":\"1\",\"isPk\":\"0\",\"isQuery\":\"0\",\"isRequired\":\"1\",\"javaField\":\"content\",\"javaType\":\"String\",\"list\":true,\"params\":{},\"pk\":false,\"query\":false,\"queryType\":\"EQ\",\"required\":true,\"sort\":3,\"superColumn\":false,\"tableId\":20,\"updateBy\":\"\",\"updateTime\":\"2024-07-05 23:35:21\",\"usableColumn\":false},{\"capJavaField\":\"GuestId\",\"columnComment\":\"用户id\",\"columnId\":103,\"columnName\":\"guest_id\",\"columnType\":\"bigint\",\"createBy\":\"admin\",\"createTime\":\"2024-07-05 23:19:38\",\"dictType\":\"\",\"edit\":true,\"htmlType\":\"input\",\"increment\":false,\"insert\":true,\"isEdit\":\"1\",\"isIncrement\":\"0\",\"isInser', '{\"msg\":\"操作成功\",\"code\":200}', 0, NULL, '2024-07-05 23:37:54', 40);
INSERT INTO `sys_oper_log` VALUES (154, '代码生成', 2, 'com.ruoyi.gen.controller.GenController.editSave()', 'PUT', 1, 'admin', NULL, '/gen', '127.0.0.1', '', '{\"businessName\":\"starhotelreviews\",\"className\":\"Starhotelreviews\",\"columns\":[{\"capJavaField\":\"Id\",\"columnComment\":\"星级酒店评价id\",\"columnId\":105,\"columnName\":\"id\",\"columnType\":\"int\",\"createBy\":\"admin\",\"createTime\":\"2024-07-05 23:19:38\",\"dictType\":\"\",\"edit\":false,\"htmlType\":\"input\",\"increment\":false,\"insert\":false,\"isIncrement\":\"0\",\"isInsert\":\"0\",\"isPk\":\"1\",\"javaField\":\"id\",\"javaType\":\"Long\",\"list\":false,\"params\":{},\"pk\":true,\"query\":false,\"queryType\":\"EQ\",\"required\":false,\"sort\":1,\"superColumn\":false,\"tableId\":21,\"updateBy\":\"\",\"updateTime\":\"2024-07-05 23:35:12\",\"usableColumn\":false},{\"capJavaField\":\"HotelId\",\"columnComment\":\"酒店id\",\"columnId\":106,\"columnName\":\"hotel_id\",\"columnType\":\"int\",\"createBy\":\"admin\",\"createTime\":\"2024-07-05 23:19:38\",\"dictType\":\"\",\"edit\":true,\"htmlType\":\"input\",\"increment\":false,\"insert\":true,\"isEdit\":\"1\",\"isIncrement\":\"0\",\"isInsert\":\"1\",\"isList\":\"1\",\"isPk\":\"0\",\"isQuery\":\"1\",\"javaField\":\"hotelId\",\"javaType\":\"Long\",\"list\":true,\"params\":{},\"pk\":false,\"query\":true,\"queryType\":\"EQ\",\"required\":false,\"sort\":2,\"superColumn\":false,\"tableId\":21,\"updateBy\":\"\",\"updateTime\":\"2024-07-05 23:35:12\",\"usableColumn\":false},{\"capJavaField\":\"Content\",\"columnComment\":\"内容\",\"columnId\":107,\"columnName\":\"content\",\"columnType\":\"varchar(255)\",\"createBy\":\"admin\",\"createTime\":\"2024-07-05 23:19:38\",\"dictType\":\"\",\"edit\":true,\"htmlType\":\"editor\",\"increment\":false,\"insert\":true,\"isEdit\":\"1\",\"isIncrement\":\"0\",\"isInsert\":\"1\",\"isList\":\"1\",\"isPk\":\"0\",\"isQuery\":\"0\",\"isRequired\":\"1\",\"javaField\":\"content\",\"javaType\":\"String\",\"list\":true,\"params\":{},\"pk\":false,\"query\":false,\"queryType\":\"EQ\",\"required\":true,\"sort\":3,\"superColumn\":false,\"tableId\":21,\"updateBy\":\"\",\"updateTime\":\"2024-07-05 23:35:12\",\"usableColumn\":false},{\"capJavaField\":\"GuestId\",\"columnComment\":\"用户id\",\"columnId\":108,\"columnName\":\"guest_id\",\"columnType\":\"bigint\",\"createBy\":\"admin\",\"createTime\":\"2024-07-05 23:19:38\",\"dictType\":\"\",\"edit\":true,\"htmlType\":\"input\",\"increment\":false,\"insert\":true,\"isEdit\":\"1\",\"isIncrement\":\"0\",\"is', '{\"msg\":\"操作成功\",\"code\":200}', 0, NULL, '2024-07-05 23:37:58', 43);
INSERT INTO `sys_oper_log` VALUES (155, '代码生成', 6, 'com.ruoyi.gen.controller.GenController.importTableSave()', 'POST', 1, 'admin', NULL, '/gen/importTable', '127.0.0.1', '', '{\"tables\":\"starbookings,nonstarbookings\"}', '{\"msg\":\"操作成功\",\"code\":200}', 0, NULL, '2024-07-05 23:40:06', 50);
INSERT INTO `sys_oper_log` VALUES (156, '代码生成', 2, 'com.ruoyi.gen.controller.GenController.editSave()', 'PUT', 1, 'admin', NULL, '/gen', '127.0.0.1', '', '{\"businessName\":\"nonstarbookings\",\"className\":\"Nonstarbookings\",\"columns\":[{\"capJavaField\":\"Id\",\"columnComment\":\"非星级酒店预定id\",\"columnId\":110,\"columnName\":\"id\",\"columnType\":\"int\",\"createBy\":\"admin\",\"createTime\":\"2024-07-05 23:40:05\",\"dictType\":\"\",\"edit\":false,\"htmlType\":\"input\",\"increment\":false,\"insert\":false,\"isIncrement\":\"0\",\"isInsert\":\"0\",\"isPk\":\"1\",\"javaField\":\"id\",\"javaType\":\"Long\",\"list\":false,\"params\":{},\"pk\":true,\"query\":false,\"queryType\":\"EQ\",\"required\":false,\"sort\":1,\"superColumn\":false,\"tableId\":22,\"updateBy\":\"\",\"usableColumn\":false},{\"capJavaField\":\"HotelId\",\"columnComment\":\"酒店id\",\"columnId\":111,\"columnName\":\"hotel_id\",\"columnType\":\"int\",\"createBy\":\"admin\",\"createTime\":\"2024-07-05 23:40:05\",\"dictType\":\"\",\"edit\":true,\"htmlType\":\"input\",\"increment\":false,\"insert\":true,\"isEdit\":\"1\",\"isIncrement\":\"0\",\"isInsert\":\"1\",\"isList\":\"1\",\"isPk\":\"0\",\"isQuery\":\"1\",\"isRequired\":\"1\",\"javaField\":\"hotelId\",\"javaType\":\"Long\",\"list\":true,\"params\":{},\"pk\":false,\"query\":true,\"queryType\":\"EQ\",\"required\":true,\"sort\":2,\"superColumn\":false,\"tableId\":22,\"updateBy\":\"\",\"usableColumn\":false},{\"capJavaField\":\"RoomTypeId\",\"columnComment\":\"房型id\",\"columnId\":112,\"columnName\":\"room_type_id\",\"columnType\":\"int\",\"createBy\":\"admin\",\"createTime\":\"2024-07-05 23:40:05\",\"dictType\":\"\",\"edit\":true,\"htmlType\":\"input\",\"increment\":false,\"insert\":true,\"isEdit\":\"1\",\"isIncrement\":\"0\",\"isInsert\":\"1\",\"isList\":\"1\",\"isPk\":\"0\",\"isQuery\":\"0\",\"isRequired\":\"1\",\"javaField\":\"roomTypeId\",\"javaType\":\"Long\",\"list\":true,\"params\":{},\"pk\":false,\"query\":false,\"queryType\":\"EQ\",\"required\":true,\"sort\":3,\"superColumn\":false,\"tableId\":22,\"updateBy\":\"\",\"usableColumn\":false},{\"capJavaField\":\"GuestName\",\"columnComment\":\"用户id\",\"columnId\":113,\"columnName\":\"guest_name\",\"columnType\":\"bigint\",\"createBy\":\"admin\",\"createTime\":\"2024-07-05 23:40:05\",\"dictType\":\"\",\"edit\":true,\"htmlType\":\"input\",\"increment\":false,\"insert\":true,\"isEdit\":\"1\",\"isIncrement\":\"0\",\"isInsert\":\"1\",\"isList\":\"1\",\"isPk\":\"0\",\"isQuery\":\"1\",\"isRequired\":\"1\",\"javaField\":\"guest', '{\"msg\":\"操作成功\",\"code\":200}', 0, NULL, '2024-07-05 23:42:41', 43);
INSERT INTO `sys_oper_log` VALUES (157, '代码生成', 2, 'com.ruoyi.gen.controller.GenController.editSave()', 'PUT', 1, 'admin', NULL, '/gen', '127.0.0.1', '', '{\"businessName\":\"starbookings\",\"className\":\"Starbookings\",\"columns\":[{\"capJavaField\":\"Id\",\"columnComment\":\"星级酒店预定id\",\"columnId\":116,\"columnName\":\"id\",\"columnType\":\"int\",\"createBy\":\"admin\",\"createTime\":\"2024-07-05 23:40:05\",\"dictType\":\"\",\"edit\":false,\"htmlType\":\"input\",\"increment\":false,\"insert\":false,\"isIncrement\":\"0\",\"isInsert\":\"0\",\"isPk\":\"1\",\"javaField\":\"id\",\"javaType\":\"Long\",\"list\":false,\"params\":{},\"pk\":true,\"query\":false,\"queryType\":\"EQ\",\"required\":false,\"sort\":1,\"superColumn\":false,\"tableId\":23,\"updateBy\":\"\",\"usableColumn\":false},{\"capJavaField\":\"HotelId\",\"columnComment\":\"酒店id\",\"columnId\":117,\"columnName\":\"hotel_id\",\"columnType\":\"int\",\"createBy\":\"admin\",\"createTime\":\"2024-07-05 23:40:05\",\"dictType\":\"\",\"edit\":true,\"htmlType\":\"input\",\"increment\":false,\"insert\":true,\"isEdit\":\"1\",\"isIncrement\":\"0\",\"isInsert\":\"1\",\"isList\":\"1\",\"isPk\":\"0\",\"isQuery\":\"1\",\"isRequired\":\"1\",\"javaField\":\"hotelId\",\"javaType\":\"Long\",\"list\":true,\"params\":{},\"pk\":false,\"query\":true,\"queryType\":\"EQ\",\"required\":true,\"sort\":2,\"superColumn\":false,\"tableId\":23,\"updateBy\":\"\",\"usableColumn\":false},{\"capJavaField\":\"RoomTypeId\",\"columnComment\":\"房型id\",\"columnId\":118,\"columnName\":\"room_type_id\",\"columnType\":\"int\",\"createBy\":\"admin\",\"createTime\":\"2024-07-05 23:40:05\",\"dictType\":\"\",\"edit\":true,\"htmlType\":\"input\",\"increment\":false,\"insert\":true,\"isEdit\":\"1\",\"isIncrement\":\"0\",\"isInsert\":\"1\",\"isList\":\"1\",\"isPk\":\"0\",\"isQuery\":\"0\",\"isRequired\":\"1\",\"javaField\":\"roomTypeId\",\"javaType\":\"Long\",\"list\":true,\"params\":{},\"pk\":false,\"query\":false,\"queryType\":\"EQ\",\"required\":true,\"sort\":3,\"superColumn\":false,\"tableId\":23,\"updateBy\":\"\",\"usableColumn\":false},{\"capJavaField\":\"GuestName\",\"columnComment\":\"用户id\",\"columnId\":119,\"columnName\":\"guest_name\",\"columnType\":\"bigint\",\"createBy\":\"admin\",\"createTime\":\"2024-07-05 23:40:05\",\"dictType\":\"\",\"edit\":true,\"htmlType\":\"input\",\"increment\":false,\"insert\":true,\"isEdit\":\"1\",\"isIncrement\":\"0\",\"isInsert\":\"1\",\"isList\":\"1\",\"isPk\":\"0\",\"isQuery\":\"1\",\"isRequired\":\"1\",\"javaField\":\"guestName\",\"', '{\"msg\":\"操作成功\",\"code\":200}', 0, NULL, '2024-07-05 23:44:05', 13);
INSERT INTO `sys_oper_log` VALUES (158, '代码生成', 8, 'com.ruoyi.gen.controller.GenController.batchGenCode()', 'GET', 1, 'admin', NULL, '/gen/batchGenCode', '127.0.0.1', '', '{\"tables\":\"nonstarmarketingrecords,nonstarroomtypes,starhotels,starmarketingrecords,starroomtypes,nonstarhotels,nonstarhotel_reviews,starhotelreviews,nonstarbookings,starbookings\"}', NULL, 0, NULL, '2024-07-05 23:44:31', 756);
INSERT INTO `sys_oper_log` VALUES (159, '代码生成', 2, 'com.ruoyi.gen.controller.GenController.editSave()', 'PUT', 1, 'admin', NULL, '/gen', '127.0.0.1', '', '{\"businessName\":\"complaints\",\"className\":\"Complaints\",\"columns\":[{\"capJavaField\":\"Id\",\"columnComment\":\"投诉id\",\"columnId\":49,\"columnName\":\"id\",\"columnType\":\"int\",\"createBy\":\"admin\",\"createTime\":\"2024-07-05 21:52:28\",\"dictType\":\"\",\"edit\":false,\"htmlType\":\"input\",\"increment\":false,\"insert\":false,\"isIncrement\":\"0\",\"isInsert\":\"0\",\"isPk\":\"1\",\"javaField\":\"id\",\"javaType\":\"Long\",\"list\":false,\"params\":{},\"pk\":true,\"query\":false,\"queryType\":\"EQ\",\"required\":false,\"sort\":1,\"superColumn\":false,\"tableId\":10,\"updateBy\":\"\",\"usableColumn\":false},{\"capJavaField\":\"Content\",\"columnComment\":\"内容\",\"columnId\":50,\"columnName\":\"content\",\"columnType\":\"text\",\"createBy\":\"admin\",\"createTime\":\"2024-07-05 21:52:28\",\"dictType\":\"\",\"edit\":true,\"htmlType\":\"editor\",\"increment\":false,\"insert\":true,\"isEdit\":\"1\",\"isIncrement\":\"0\",\"isInsert\":\"1\",\"isList\":\"1\",\"isPk\":\"0\",\"isQuery\":\"1\",\"isRequired\":\"1\",\"javaField\":\"content\",\"javaType\":\"String\",\"list\":true,\"params\":{},\"pk\":false,\"query\":true,\"queryType\":\"EQ\",\"required\":true,\"sort\":2,\"superColumn\":false,\"tableId\":10,\"updateBy\":\"\",\"usableColumn\":false},{\"capJavaField\":\"SubmitTime\",\"columnComment\":\"提交时间\",\"columnId\":51,\"columnName\":\"submit_time\",\"columnType\":\"datetime\",\"createBy\":\"admin\",\"createTime\":\"2024-07-05 21:52:28\",\"dictType\":\"\",\"edit\":true,\"htmlType\":\"datetime\",\"increment\":false,\"insert\":true,\"isEdit\":\"1\",\"isIncrement\":\"0\",\"isInsert\":\"1\",\"isList\":\"1\",\"isPk\":\"0\",\"isQuery\":\"1\",\"isRequired\":\"1\",\"javaField\":\"submitTime\",\"javaType\":\"Date\",\"list\":true,\"params\":{},\"pk\":false,\"query\":true,\"queryType\":\"EQ\",\"required\":true,\"sort\":3,\"superColumn\":false,\"tableId\":10,\"updateBy\":\"\",\"usableColumn\":false},{\"capJavaField\":\"Status\",\"columnComment\":\"0为待审批，1为已经审批待处理，2为已处理待确认，3为已经结案\",\"columnId\":52,\"columnName\":\"status\",\"columnType\":\"int\",\"createBy\":\"admin\",\"createTime\":\"2024-07-05 21:52:28\",\"dictType\":\"\",\"edit\":true,\"htmlType\":\"radio\",\"increment\":false,\"insert\":true,\"isEdit\":\"1\",\"isIncrement\":\"0\",\"isInsert\":\"1\",\"isList\":\"1\",\"isPk\":\"0\",\"isQuery\":\"1\",\"isRequired\":\"1\",\"javaField\":\"', '{\"msg\":\"操作成功\",\"code\":200}', 0, NULL, '2024-07-05 23:50:24', 53);
INSERT INTO `sys_oper_log` VALUES (160, '代码生成', 2, 'com.ruoyi.gen.controller.GenController.editSave()', 'PUT', 1, 'admin', NULL, '/gen', '127.0.0.1', '', '{\"businessName\":\"handlingresults\",\"className\":\"Handlingresults\",\"columns\":[{\"capJavaField\":\"Id\",\"columnComment\":\"处理结果id\",\"columnId\":71,\"columnName\":\"id\",\"columnType\":\"int\",\"createBy\":\"admin\",\"createTime\":\"2024-07-05 21:52:28\",\"dictType\":\"\",\"edit\":false,\"htmlType\":\"input\",\"increment\":false,\"insert\":false,\"isIncrement\":\"0\",\"isInsert\":\"0\",\"isPk\":\"1\",\"javaField\":\"id\",\"javaType\":\"Long\",\"list\":false,\"params\":{},\"pk\":true,\"query\":false,\"queryType\":\"EQ\",\"required\":false,\"sort\":1,\"superColumn\":false,\"tableId\":14,\"updateBy\":\"\",\"usableColumn\":false},{\"capJavaField\":\"ComplaintId\",\"columnComment\":\"投诉id\",\"columnId\":72,\"columnName\":\"complaint_id\",\"columnType\":\"int\",\"createBy\":\"admin\",\"createTime\":\"2024-07-05 21:52:28\",\"dictType\":\"\",\"edit\":true,\"htmlType\":\"input\",\"increment\":false,\"insert\":true,\"isEdit\":\"1\",\"isIncrement\":\"0\",\"isInsert\":\"1\",\"isList\":\"1\",\"isPk\":\"0\",\"isQuery\":\"1\",\"isRequired\":\"1\",\"javaField\":\"complaintId\",\"javaType\":\"Long\",\"list\":true,\"params\":{},\"pk\":false,\"query\":true,\"queryType\":\"EQ\",\"required\":true,\"sort\":2,\"superColumn\":false,\"tableId\":14,\"updateBy\":\"\",\"usableColumn\":false},{\"capJavaField\":\"Result\",\"columnComment\":\"结果\",\"columnId\":73,\"columnName\":\"result\",\"columnType\":\"text\",\"createBy\":\"admin\",\"createTime\":\"2024-07-05 21:52:28\",\"dictType\":\"\",\"edit\":true,\"htmlType\":\"textarea\",\"increment\":false,\"insert\":true,\"isEdit\":\"1\",\"isIncrement\":\"0\",\"isInsert\":\"1\",\"isList\":\"1\",\"isPk\":\"0\",\"isQuery\":\"0\",\"isRequired\":\"1\",\"javaField\":\"result\",\"javaType\":\"String\",\"list\":true,\"params\":{},\"pk\":false,\"query\":false,\"queryType\":\"EQ\",\"required\":true,\"sort\":3,\"superColumn\":false,\"tableId\":14,\"updateBy\":\"\",\"usableColumn\":false},{\"capJavaField\":\"HandleTime\",\"columnComment\":\"处理时间\",\"columnId\":74,\"columnName\":\"handle_time\",\"columnType\":\"datetime\",\"createBy\":\"admin\",\"createTime\":\"2024-07-05 21:52:28\",\"dictType\":\"\",\"edit\":true,\"htmlType\":\"datetime\",\"increment\":false,\"insert\":true,\"isEdit\":\"1\",\"isIncrement\":\"0\",\"isInsert\":\"1\",\"isList\":\"1\",\"isPk\":\"0\",\"isQuery\":\"0\",\"isRequired\":\"1\",\"javaField\":\"han', '{\"msg\":\"操作成功\",\"code\":200}', 0, NULL, '2024-07-05 23:52:22', 43);
INSERT INTO `sys_oper_log` VALUES (161, '代码生成', 2, 'com.ruoyi.gen.controller.GenController.editSave()', 'PUT', 1, 'admin', NULL, '/gen', '127.0.0.1', '', '{\"businessName\":\"complaints\",\"className\":\"Complaints\",\"columns\":[{\"capJavaField\":\"Id\",\"columnComment\":\"投诉id\",\"columnId\":49,\"columnName\":\"id\",\"columnType\":\"int\",\"createBy\":\"admin\",\"createTime\":\"2024-07-05 21:52:28\",\"dictType\":\"\",\"edit\":false,\"htmlType\":\"input\",\"increment\":false,\"insert\":false,\"isIncrement\":\"0\",\"isInsert\":\"0\",\"isPk\":\"1\",\"javaField\":\"id\",\"javaType\":\"Long\",\"list\":false,\"params\":{},\"pk\":true,\"query\":false,\"queryType\":\"EQ\",\"required\":false,\"sort\":1,\"superColumn\":false,\"tableId\":10,\"updateBy\":\"\",\"updateTime\":\"2024-07-05 23:50:24\",\"usableColumn\":false},{\"capJavaField\":\"Content\",\"columnComment\":\"内容\",\"columnId\":50,\"columnName\":\"content\",\"columnType\":\"text\",\"createBy\":\"admin\",\"createTime\":\"2024-07-05 21:52:28\",\"dictType\":\"\",\"edit\":true,\"htmlType\":\"editor\",\"increment\":false,\"insert\":true,\"isEdit\":\"1\",\"isIncrement\":\"0\",\"isInsert\":\"1\",\"isList\":\"1\",\"isPk\":\"0\",\"isQuery\":\"1\",\"isRequired\":\"1\",\"javaField\":\"content\",\"javaType\":\"String\",\"list\":true,\"params\":{},\"pk\":false,\"query\":true,\"queryType\":\"EQ\",\"required\":true,\"sort\":2,\"superColumn\":false,\"tableId\":10,\"updateBy\":\"\",\"updateTime\":\"2024-07-05 23:50:24\",\"usableColumn\":false},{\"capJavaField\":\"SubmitTime\",\"columnComment\":\"提交时间\",\"columnId\":51,\"columnName\":\"submit_time\",\"columnType\":\"datetime\",\"createBy\":\"admin\",\"createTime\":\"2024-07-05 21:52:28\",\"dictType\":\"\",\"edit\":true,\"htmlType\":\"datetime\",\"increment\":false,\"insert\":true,\"isEdit\":\"1\",\"isIncrement\":\"0\",\"isInsert\":\"1\",\"isList\":\"1\",\"isPk\":\"0\",\"isQuery\":\"1\",\"isRequired\":\"1\",\"javaField\":\"submitTime\",\"javaType\":\"Date\",\"list\":true,\"params\":{},\"pk\":false,\"query\":true,\"queryType\":\"EQ\",\"required\":true,\"sort\":3,\"superColumn\":false,\"tableId\":10,\"updateBy\":\"\",\"updateTime\":\"2024-07-05 23:50:24\",\"usableColumn\":false},{\"capJavaField\":\"Status\",\"columnComment\":\"0为待审批，1为已经审批待处理，2为已处理待确认，3为已经结案\",\"columnId\":52,\"columnName\":\"status\",\"columnType\":\"int\",\"createBy\":\"admin\",\"createTime\":\"2024-07-05 21:52:28\",\"dictType\":\"\",\"edit\":true,\"htmlType\":\"radio\",\"increment\":false,\"insert\":true,\"isEdit\":', '{\"msg\":\"操作成功\",\"code\":200}', 0, NULL, '2024-07-05 23:52:35', 44);
INSERT INTO `sys_oper_log` VALUES (162, '代码生成', 2, 'com.ruoyi.gen.controller.GenController.editSave()', 'PUT', 1, 'admin', NULL, '/gen', '127.0.0.1', '', '{\"businessName\":\"handlingresults\",\"className\":\"Handlingresults\",\"columns\":[{\"capJavaField\":\"Id\",\"columnComment\":\"处理结果id\",\"columnId\":71,\"columnName\":\"id\",\"columnType\":\"int\",\"createBy\":\"admin\",\"createTime\":\"2024-07-05 21:52:28\",\"dictType\":\"\",\"edit\":false,\"htmlType\":\"input\",\"increment\":false,\"insert\":false,\"isIncrement\":\"0\",\"isInsert\":\"0\",\"isPk\":\"1\",\"javaField\":\"id\",\"javaType\":\"Long\",\"list\":false,\"params\":{},\"pk\":true,\"query\":false,\"queryType\":\"EQ\",\"required\":false,\"sort\":1,\"superColumn\":false,\"tableId\":14,\"updateBy\":\"\",\"updateTime\":\"2024-07-05 23:52:22\",\"usableColumn\":false},{\"capJavaField\":\"ComplaintId\",\"columnComment\":\"投诉id\",\"columnId\":72,\"columnName\":\"complaint_id\",\"columnType\":\"int\",\"createBy\":\"admin\",\"createTime\":\"2024-07-05 21:52:28\",\"dictType\":\"\",\"edit\":true,\"htmlType\":\"input\",\"increment\":false,\"insert\":true,\"isEdit\":\"1\",\"isIncrement\":\"0\",\"isInsert\":\"1\",\"isList\":\"1\",\"isPk\":\"0\",\"isQuery\":\"1\",\"isRequired\":\"1\",\"javaField\":\"complaintId\",\"javaType\":\"Long\",\"list\":true,\"params\":{},\"pk\":false,\"query\":true,\"queryType\":\"EQ\",\"required\":true,\"sort\":2,\"superColumn\":false,\"tableId\":14,\"updateBy\":\"\",\"updateTime\":\"2024-07-05 23:52:22\",\"usableColumn\":false},{\"capJavaField\":\"Result\",\"columnComment\":\"结果\",\"columnId\":73,\"columnName\":\"result\",\"columnType\":\"text\",\"createBy\":\"admin\",\"createTime\":\"2024-07-05 21:52:28\",\"dictType\":\"\",\"edit\":true,\"htmlType\":\"textarea\",\"increment\":false,\"insert\":true,\"isEdit\":\"1\",\"isIncrement\":\"0\",\"isInsert\":\"1\",\"isList\":\"1\",\"isPk\":\"0\",\"isQuery\":\"0\",\"isRequired\":\"1\",\"javaField\":\"result\",\"javaType\":\"String\",\"list\":true,\"params\":{},\"pk\":false,\"query\":false,\"queryType\":\"EQ\",\"required\":true,\"sort\":3,\"superColumn\":false,\"tableId\":14,\"updateBy\":\"\",\"updateTime\":\"2024-07-05 23:52:22\",\"usableColumn\":false},{\"capJavaField\":\"HandleTime\",\"columnComment\":\"处理时间\",\"columnId\":74,\"columnName\":\"handle_time\",\"columnType\":\"datetime\",\"createBy\":\"admin\",\"createTime\":\"2024-07-05 21:52:28\",\"dictType\":\"\",\"edit\":true,\"htmlType\":\"datetime\",\"increment\":false,\"insert\":true,\"isEdit\":\"1\"', '{\"msg\":\"操作成功\",\"code\":200}', 0, NULL, '2024-07-05 23:52:53', 43);
INSERT INTO `sys_oper_log` VALUES (163, '代码生成', 2, 'com.ruoyi.gen.controller.GenController.editSave()', 'PUT', 1, 'admin', NULL, '/gen', '127.0.0.1', '', '{\"businessName\":\"feedbackresults\",\"className\":\"Feedbackresults\",\"columns\":[{\"capJavaField\":\"Id\",\"columnComment\":\"投诉处理结果反馈id\",\"columnId\":68,\"columnName\":\"id\",\"columnType\":\"int\",\"createBy\":\"admin\",\"createTime\":\"2024-07-05 21:52:28\",\"dictType\":\"\",\"edit\":false,\"htmlType\":\"input\",\"increment\":false,\"insert\":false,\"isIncrement\":\"0\",\"isInsert\":\"0\",\"isPk\":\"1\",\"javaField\":\"id\",\"javaType\":\"Long\",\"list\":false,\"params\":{},\"pk\":true,\"query\":false,\"queryType\":\"EQ\",\"required\":false,\"sort\":1,\"superColumn\":false,\"tableId\":13,\"updateBy\":\"\",\"usableColumn\":false},{\"capJavaField\":\"HandleResultId\",\"columnComment\":\"处理结果id\",\"columnId\":69,\"columnName\":\"handle_result_id\",\"columnType\":\"int\",\"createBy\":\"admin\",\"createTime\":\"2024-07-05 21:52:28\",\"dictType\":\"\",\"edit\":true,\"htmlType\":\"input\",\"increment\":false,\"insert\":true,\"isEdit\":\"1\",\"isIncrement\":\"0\",\"isInsert\":\"1\",\"isList\":\"1\",\"isPk\":\"0\",\"isQuery\":\"1\",\"isRequired\":\"1\",\"javaField\":\"handleResultId\",\"javaType\":\"Long\",\"list\":true,\"params\":{},\"pk\":false,\"query\":true,\"queryType\":\"EQ\",\"required\":true,\"sort\":2,\"superColumn\":false,\"tableId\":13,\"updateBy\":\"\",\"usableColumn\":false},{\"capJavaField\":\"Rating\",\"columnComment\":\"评分\",\"columnId\":70,\"columnName\":\"rating\",\"columnType\":\"int\",\"createBy\":\"admin\",\"createTime\":\"2024-07-05 21:52:28\",\"dictType\":\"\",\"edit\":true,\"htmlType\":\"input\",\"increment\":false,\"insert\":true,\"isEdit\":\"1\",\"isIncrement\":\"0\",\"isInsert\":\"1\",\"isList\":\"1\",\"isPk\":\"0\",\"isQuery\":\"1\",\"isRequired\":\"1\",\"javaField\":\"rating\",\"javaType\":\"Long\",\"list\":true,\"params\":{},\"pk\":false,\"query\":true,\"queryType\":\"EQ\",\"required\":true,\"sort\":3,\"superColumn\":false,\"tableId\":13,\"updateBy\":\"\",\"usableColumn\":false}],\"crud\":true,\"functionAuthor\":\"ningf\",\"functionName\":\"投诉处理结果反馈\",\"genPath\":\"/\",\"genType\":\"0\",\"moduleName\":\"complaint\",\"options\":\"{\\\"parentMenuId\\\":2000}\",\"packageName\":\"com.ningf.complaint\",\"params\":{\"parentMenuId\":2000},\"parentMenuId\":\"2000\",\"sub\":false,\"tableComment\":\"投诉处理反馈\",\"tableId\":13,\"tableName\":\"feedbackresults\",\"tplCategory\":\"crud\",\"tplWebType\":\"ele', '{\"msg\":\"操作成功\",\"code\":200}', 0, NULL, '2024-07-05 23:54:50', 42);
INSERT INTO `sys_oper_log` VALUES (164, '代码生成', 8, 'com.ruoyi.gen.controller.GenController.batchGenCode()', 'GET', 1, 'admin', NULL, '/gen/batchGenCode', '127.0.0.1', '', '{\"tables\":\"complaints,feedbackresults,handlingresults\"}', NULL, 0, NULL, '2024-07-05 23:55:51', 70);
INSERT INTO `sys_oper_log` VALUES (165, '代码生成', 2, 'com.ruoyi.gen.controller.GenController.editSave()', 'PUT', 1, 'admin', NULL, '/gen', '127.0.0.1', '', '{\"businessName\":\"scenicareas\",\"className\":\"Scenicareas\",\"columns\":[{\"capJavaField\":\"Id\",\"columnComment\":\"景区id\",\"columnId\":18,\"columnName\":\"id\",\"columnType\":\"int\",\"createBy\":\"admin\",\"createTime\":\"2024-07-05 21:51:15\",\"dictType\":\"\",\"edit\":false,\"htmlType\":\"input\",\"increment\":false,\"insert\":false,\"isIncrement\":\"0\",\"isInsert\":\"0\",\"isPk\":\"1\",\"javaField\":\"id\",\"javaType\":\"Long\",\"list\":false,\"params\":{},\"pk\":true,\"query\":false,\"queryType\":\"EQ\",\"required\":false,\"sort\":1,\"superColumn\":false,\"tableId\":4,\"updateBy\":\"\",\"usableColumn\":false},{\"capJavaField\":\"City\",\"columnComment\":\"城市\",\"columnId\":19,\"columnName\":\"city\",\"columnType\":\"varchar(255)\",\"createBy\":\"admin\",\"createTime\":\"2024-07-05 21:51:15\",\"dictType\":\"\",\"edit\":true,\"htmlType\":\"input\",\"increment\":false,\"insert\":true,\"isEdit\":\"1\",\"isIncrement\":\"0\",\"isInsert\":\"1\",\"isList\":\"1\",\"isPk\":\"0\",\"isQuery\":\"1\",\"isRequired\":\"1\",\"javaField\":\"city\",\"javaType\":\"String\",\"list\":true,\"params\":{},\"pk\":false,\"query\":true,\"queryType\":\"EQ\",\"required\":true,\"sort\":2,\"superColumn\":false,\"tableId\":4,\"updateBy\":\"\",\"usableColumn\":false},{\"capJavaField\":\"Name\",\"columnComment\":\"景区名称\",\"columnId\":20,\"columnName\":\"name\",\"columnType\":\"varchar(255)\",\"createBy\":\"admin\",\"createTime\":\"2024-07-05 21:51:15\",\"dictType\":\"\",\"edit\":true,\"htmlType\":\"input\",\"increment\":false,\"insert\":true,\"isEdit\":\"1\",\"isIncrement\":\"0\",\"isInsert\":\"1\",\"isList\":\"1\",\"isPk\":\"0\",\"isQuery\":\"1\",\"isRequired\":\"1\",\"javaField\":\"name\",\"javaType\":\"String\",\"list\":true,\"params\":{},\"pk\":false,\"query\":true,\"queryType\":\"LIKE\",\"required\":true,\"sort\":3,\"superColumn\":false,\"tableId\":4,\"updateBy\":\"\",\"usableColumn\":false},{\"capJavaField\":\"Address\",\"columnComment\":\"地址\",\"columnId\":21,\"columnName\":\"address\",\"columnType\":\"varchar(255)\",\"createBy\":\"admin\",\"createTime\":\"2024-07-05 21:51:15\",\"dictType\":\"\",\"edit\":true,\"htmlType\":\"input\",\"increment\":false,\"insert\":true,\"isEdit\":\"1\",\"isIncrement\":\"0\",\"isInsert\":\"1\",\"isList\":\"1\",\"isPk\":\"0\",\"isQuery\":\"1\",\"isRequired\":\"1\",\"javaField\":\"address\",\"javaType\":\"String\",\"list\"', '{\"msg\":\"操作成功\",\"code\":200}', 0, NULL, '2024-07-05 23:57:50', 17);
INSERT INTO `sys_oper_log` VALUES (166, '代码生成', 3, 'com.ruoyi.gen.controller.GenController.remove()', 'DELETE', 1, 'admin', NULL, '/gen/19', '127.0.0.1', '', '{}', '{\"msg\":\"操作成功\",\"code\":200}', 0, NULL, '2024-07-05 23:58:39', 43);
INSERT INTO `sys_oper_log` VALUES (167, '代码生成', 6, 'com.ruoyi.gen.controller.GenController.importTableSave()', 'POST', 1, 'admin', NULL, '/gen/importTable', '127.0.0.1', '', '{\"tables\":\"scenicspots\"}', '{\"msg\":\"操作成功\",\"code\":200}', 0, NULL, '2024-07-05 23:59:26', 50);
INSERT INTO `sys_oper_log` VALUES (168, '代码生成', 2, 'com.ruoyi.gen.controller.GenController.editSave()', 'PUT', 1, 'admin', NULL, '/gen', '127.0.0.1', '', '{\"businessName\":\"scenicspots\",\"className\":\"Scenicspots\",\"columns\":[{\"capJavaField\":\"Id\",\"columnComment\":\"景点id\",\"columnId\":122,\"columnName\":\"id\",\"columnType\":\"bigint\",\"createBy\":\"admin\",\"createTime\":\"2024-07-05 23:59:26\",\"dictType\":\"\",\"edit\":false,\"htmlType\":\"input\",\"increment\":false,\"insert\":false,\"isIncrement\":\"0\",\"isInsert\":\"0\",\"isPk\":\"1\",\"javaField\":\"id\",\"javaType\":\"Long\",\"list\":false,\"params\":{},\"pk\":true,\"query\":false,\"queryType\":\"EQ\",\"required\":false,\"sort\":1,\"superColumn\":false,\"tableId\":24,\"updateBy\":\"\",\"usableColumn\":false},{\"capJavaField\":\"ScenicAreaId\",\"columnComment\":\"景区id\",\"columnId\":123,\"columnName\":\"scenic_area_id\",\"columnType\":\"int\",\"createBy\":\"admin\",\"createTime\":\"2024-07-05 23:59:26\",\"dictType\":\"\",\"edit\":true,\"htmlType\":\"input\",\"increment\":false,\"insert\":true,\"isEdit\":\"1\",\"isIncrement\":\"0\",\"isInsert\":\"1\",\"isList\":\"1\",\"isPk\":\"0\",\"isQuery\":\"0\",\"javaField\":\"scenicAreaId\",\"javaType\":\"Long\",\"list\":true,\"params\":{},\"pk\":false,\"query\":false,\"queryType\":\"EQ\",\"required\":false,\"sort\":2,\"superColumn\":false,\"tableId\":24,\"updateBy\":\"\",\"usableColumn\":false},{\"capJavaField\":\"Address\",\"columnComment\":\"地址\",\"columnId\":124,\"columnName\":\"address\",\"columnType\":\"varchar(255)\",\"createBy\":\"admin\",\"createTime\":\"2024-07-05 23:59:26\",\"dictType\":\"\",\"edit\":true,\"htmlType\":\"input\",\"increment\":false,\"insert\":true,\"isEdit\":\"1\",\"isIncrement\":\"0\",\"isInsert\":\"1\",\"isList\":\"1\",\"isPk\":\"0\",\"isQuery\":\"1\",\"isRequired\":\"1\",\"javaField\":\"address\",\"javaType\":\"String\",\"list\":true,\"params\":{},\"pk\":false,\"query\":true,\"queryType\":\"EQ\",\"required\":true,\"sort\":3,\"superColumn\":false,\"tableId\":24,\"updateBy\":\"\",\"usableColumn\":false},{\"capJavaField\":\"Name\",\"columnComment\":\"景点名称\",\"columnId\":125,\"columnName\":\"name\",\"columnType\":\"varchar(50)\",\"createBy\":\"admin\",\"createTime\":\"2024-07-05 23:59:26\",\"dictType\":\"\",\"edit\":true,\"htmlType\":\"input\",\"increment\":false,\"insert\":true,\"isEdit\":\"1\",\"isIncrement\":\"0\",\"isInsert\":\"1\",\"isList\":\"1\",\"isPk\":\"0\",\"isQuery\":\"1\",\"javaField\":\"name\",\"javaType\":\"String\",\"list\":true,\"p', '{\"msg\":\"操作成功\",\"code\":200}', 0, NULL, '2024-07-06 00:00:36', 12);
INSERT INTO `sys_oper_log` VALUES (169, '代码生成', 8, 'com.ruoyi.gen.controller.GenController.batchGenCode()', 'GET', 1, 'admin', NULL, '/gen/batchGenCode', '127.0.0.1', '', '{\"tables\":\"scenicareas,scenicspots\"}', NULL, 0, NULL, '2024-07-06 00:00:55', 46);
INSERT INTO `sys_oper_log` VALUES (170, '代码生成', 2, 'com.ruoyi.gen.controller.GenController.editSave()', 'PUT', 1, 'admin', NULL, '/gen', '127.0.0.1', '', '{\"businessName\":\"performancegroups\",\"className\":\"Performancegroups\",\"columns\":[{\"capJavaField\":\"Id\",\"columnComment\":\"演出团体id\",\"columnId\":11,\"columnName\":\"id\",\"columnType\":\"int\",\"createBy\":\"admin\",\"createTime\":\"2024-07-05 21:51:15\",\"dictType\":\"\",\"edit\":false,\"htmlType\":\"input\",\"increment\":false,\"insert\":false,\"isIncrement\":\"0\",\"isInsert\":\"0\",\"isPk\":\"1\",\"javaField\":\"id\",\"javaType\":\"Long\",\"list\":false,\"params\":{},\"pk\":true,\"query\":false,\"queryType\":\"EQ\",\"required\":false,\"sort\":1,\"superColumn\":false,\"tableId\":3,\"updateBy\":\"\",\"usableColumn\":false},{\"capJavaField\":\"Name\",\"columnComment\":\"团体名称\",\"columnId\":12,\"columnName\":\"name\",\"columnType\":\"varchar(255)\",\"createBy\":\"admin\",\"createTime\":\"2024-07-05 21:51:15\",\"dictType\":\"\",\"edit\":true,\"htmlType\":\"input\",\"increment\":false,\"insert\":true,\"isEdit\":\"1\",\"isIncrement\":\"0\",\"isInsert\":\"1\",\"isList\":\"1\",\"isPk\":\"0\",\"isQuery\":\"1\",\"isRequired\":\"1\",\"javaField\":\"name\",\"javaType\":\"String\",\"list\":true,\"params\":{},\"pk\":false,\"query\":true,\"queryType\":\"LIKE\",\"required\":true,\"sort\":2,\"superColumn\":false,\"tableId\":3,\"updateBy\":\"\",\"usableColumn\":false},{\"capJavaField\":\"StartTime\",\"columnComment\":\"开始时间\",\"columnId\":13,\"columnName\":\"start_time\",\"columnType\":\"datetime\",\"createBy\":\"admin\",\"createTime\":\"2024-07-05 21:51:15\",\"dictType\":\"\",\"edit\":true,\"htmlType\":\"datetime\",\"increment\":false,\"insert\":true,\"isEdit\":\"1\",\"isIncrement\":\"0\",\"isInsert\":\"1\",\"isList\":\"1\",\"isPk\":\"0\",\"isQuery\":\"1\",\"isRequired\":\"1\",\"javaField\":\"startTime\",\"javaType\":\"Date\",\"list\":true,\"params\":{},\"pk\":false,\"query\":true,\"queryType\":\"EQ\",\"required\":true,\"sort\":3,\"superColumn\":false,\"tableId\":3,\"updateBy\":\"\",\"usableColumn\":false},{\"capJavaField\":\"Duration\",\"columnComment\":\"演出单场时长\",\"columnId\":14,\"columnName\":\"duration\",\"columnType\":\"int\",\"createBy\":\"admin\",\"createTime\":\"2024-07-05 21:51:15\",\"dictType\":\"\",\"edit\":true,\"htmlType\":\"input\",\"increment\":false,\"insert\":true,\"isEdit\":\"1\",\"isIncrement\":\"0\",\"isInsert\":\"1\",\"isList\":\"1\",\"isPk\":\"0\",\"isQuery\":\"0\",\"isRequired\":\"1\",\"javaField\":\"duration\"', '{\"msg\":\"操作成功\",\"code\":200}', 0, NULL, '2024-07-06 00:04:37', 22);
INSERT INTO `sys_oper_log` VALUES (171, '代码生成', 2, 'com.ruoyi.gen.controller.GenController.editSave()', 'PUT', 1, 'admin', NULL, '/gen', '127.0.0.1', '', '{\"businessName\":\"diningentertainment\",\"className\":\"Diningentertainment\",\"columns\":[{\"capJavaField\":\"Id\",\"columnComment\":\"餐饮娱乐id\",\"columnId\":56,\"columnName\":\"id\",\"columnType\":\"int\",\"createBy\":\"admin\",\"createTime\":\"2024-07-05 21:52:28\",\"dictType\":\"\",\"edit\":false,\"htmlType\":\"input\",\"increment\":false,\"insert\":false,\"isIncrement\":\"0\",\"isInsert\":\"0\",\"isPk\":\"1\",\"javaField\":\"id\",\"javaType\":\"Long\",\"list\":false,\"params\":{},\"pk\":true,\"query\":false,\"queryType\":\"EQ\",\"required\":false,\"sort\":1,\"superColumn\":false,\"tableId\":11,\"updateBy\":\"\",\"usableColumn\":false},{\"capJavaField\":\"Type\",\"columnComment\":\"类型\",\"columnId\":57,\"columnName\":\"type\",\"columnType\":\"varchar(50)\",\"createBy\":\"admin\",\"createTime\":\"2024-07-05 21:52:28\",\"dictType\":\"\",\"edit\":true,\"htmlType\":\"select\",\"increment\":false,\"insert\":true,\"isEdit\":\"1\",\"isIncrement\":\"0\",\"isInsert\":\"1\",\"isList\":\"1\",\"isPk\":\"0\",\"isQuery\":\"1\",\"isRequired\":\"1\",\"javaField\":\"type\",\"javaType\":\"String\",\"list\":true,\"params\":{},\"pk\":false,\"query\":true,\"queryType\":\"EQ\",\"required\":true,\"sort\":2,\"superColumn\":false,\"tableId\":11,\"updateBy\":\"\",\"usableColumn\":false},{\"capJavaField\":\"Name\",\"columnComment\":\"名称\",\"columnId\":58,\"columnName\":\"name\",\"columnType\":\"varchar(255)\",\"createBy\":\"admin\",\"createTime\":\"2024-07-05 21:52:28\",\"dictType\":\"\",\"edit\":true,\"htmlType\":\"input\",\"increment\":false,\"insert\":true,\"isEdit\":\"1\",\"isIncrement\":\"0\",\"isInsert\":\"1\",\"isList\":\"1\",\"isPk\":\"0\",\"isQuery\":\"1\",\"isRequired\":\"1\",\"javaField\":\"name\",\"javaType\":\"String\",\"list\":true,\"params\":{},\"pk\":false,\"query\":true,\"queryType\":\"LIKE\",\"required\":true,\"sort\":3,\"superColumn\":false,\"tableId\":11,\"updateBy\":\"\",\"usableColumn\":false},{\"capJavaField\":\"OpeningTime\",\"columnComment\":\"营业开始时间\",\"columnId\":59,\"columnName\":\"opening_time\",\"columnType\":\"time\",\"createBy\":\"admin\",\"createTime\":\"2024-07-05 21:52:28\",\"dictType\":\"\",\"edit\":true,\"htmlType\":\"datetime\",\"increment\":false,\"insert\":true,\"isEdit\":\"1\",\"isIncrement\":\"0\",\"isInsert\":\"1\",\"isList\":\"1\",\"isPk\":\"0\",\"isQuery\":\"0\",\"javaField\":\"openingTime\",\"javaType\":\"', '{\"msg\":\"操作成功\",\"code\":200}', 0, NULL, '2024-07-06 00:06:20', 16);
INSERT INTO `sys_oper_log` VALUES (172, '代码生成', 2, 'com.ruoyi.gen.controller.GenController.editSave()', 'PUT', 1, 'admin', NULL, '/gen', '127.0.0.1', '', '{\"businessName\":\"reviews\",\"className\":\"Reviews\",\"columns\":[{\"capJavaField\":\"Id\",\"columnComment\":\"餐饮娱乐评价id\",\"columnId\":92,\"columnName\":\"id\",\"columnType\":\"int\",\"createBy\":\"admin\",\"createTime\":\"2024-07-05 21:52:28\",\"dictType\":\"\",\"edit\":false,\"htmlType\":\"input\",\"increment\":false,\"insert\":false,\"isIncrement\":\"0\",\"isInsert\":\"0\",\"isPk\":\"1\",\"javaField\":\"id\",\"javaType\":\"Long\",\"list\":false,\"params\":{},\"pk\":true,\"query\":false,\"queryType\":\"EQ\",\"required\":false,\"sort\":1,\"superColumn\":false,\"tableId\":18,\"updateBy\":\"\",\"usableColumn\":false},{\"capJavaField\":\"DiningEntertainmentId\",\"columnComment\":\"餐饮娱乐id\",\"columnId\":93,\"columnName\":\"dining_entertainment_id\",\"columnType\":\"int\",\"createBy\":\"admin\",\"createTime\":\"2024-07-05 21:52:28\",\"dictType\":\"\",\"edit\":true,\"htmlType\":\"input\",\"increment\":false,\"insert\":true,\"isEdit\":\"1\",\"isIncrement\":\"0\",\"isInsert\":\"1\",\"isList\":\"1\",\"isPk\":\"0\",\"isQuery\":\"1\",\"javaField\":\"diningEntertainmentId\",\"javaType\":\"Long\",\"list\":true,\"params\":{},\"pk\":false,\"query\":true,\"queryType\":\"EQ\",\"required\":false,\"sort\":2,\"superColumn\":false,\"tableId\":18,\"updateBy\":\"\",\"usableColumn\":false},{\"capJavaField\":\"Content\",\"columnComment\":\"内容\",\"columnId\":94,\"columnName\":\"content\",\"columnType\":\"varchar(255)\",\"createBy\":\"admin\",\"createTime\":\"2024-07-05 21:52:28\",\"dictType\":\"\",\"edit\":true,\"htmlType\":\"editor\",\"increment\":false,\"insert\":true,\"isEdit\":\"1\",\"isIncrement\":\"0\",\"isInsert\":\"1\",\"isList\":\"1\",\"isPk\":\"0\",\"isQuery\":\"0\",\"isRequired\":\"1\",\"javaField\":\"content\",\"javaType\":\"String\",\"list\":true,\"params\":{},\"pk\":false,\"query\":false,\"queryType\":\"EQ\",\"required\":true,\"sort\":3,\"superColumn\":false,\"tableId\":18,\"updateBy\":\"\",\"usableColumn\":false},{\"capJavaField\":\"GuestName\",\"columnComment\":\"用户id\",\"columnId\":95,\"columnName\":\"guest_name\",\"columnType\":\"bigint\",\"createBy\":\"admin\",\"createTime\":\"2024-07-05 21:52:28\",\"dictType\":\"\",\"edit\":true,\"htmlType\":\"input\",\"increment\":false,\"insert\":true,\"isEdit\":\"1\",\"isIncrement\":\"0\",\"isInsert\":\"1\",\"isList\":\"1\",\"isPk\":\"0\",\"isQuery\":\"1\",\"isRequired\":\"1\",\"javaField\"', '{\"msg\":\"操作成功\",\"code\":200}', 0, NULL, '2024-07-06 00:07:55', 9);
INSERT INTO `sys_oper_log` VALUES (173, '代码生成', 8, 'com.ruoyi.gen.controller.GenController.batchGenCode()', 'GET', 1, 'admin', NULL, '/gen/batchGenCode', '127.0.0.1', '', '{\"tables\":\"diningentertainment,performancegroups,reviews\"}', NULL, 0, NULL, '2024-07-06 00:08:05', 112);
INSERT INTO `sys_oper_log` VALUES (174, '代码生成', 2, 'com.ruoyi.gen.controller.GenController.editSave()', 'PUT', 1, 'admin', NULL, '/gen', '127.0.0.1', '', '{\"businessName\":\"emergencyinfo\",\"className\":\"Emergencyinfo\",\"columns\":[{\"capJavaField\":\"Id\",\"columnComment\":\"应急信息id\",\"columnId\":62,\"columnName\":\"id\",\"columnType\":\"int\",\"createBy\":\"admin\",\"createTime\":\"2024-07-05 21:52:28\",\"dictType\":\"\",\"edit\":false,\"htmlType\":\"input\",\"increment\":false,\"insert\":false,\"isIncrement\":\"0\",\"isInsert\":\"0\",\"isPk\":\"1\",\"javaField\":\"id\",\"javaType\":\"Long\",\"list\":false,\"params\":{},\"pk\":true,\"query\":false,\"queryType\":\"EQ\",\"required\":false,\"sort\":1,\"superColumn\":false,\"tableId\":12,\"updateBy\":\"\",\"usableColumn\":false},{\"capJavaField\":\"Priority\",\"columnComment\":\"优先级\",\"columnId\":63,\"columnName\":\"priority\",\"columnType\":\"int\",\"createBy\":\"admin\",\"createTime\":\"2024-07-05 21:52:28\",\"dictType\":\"\",\"edit\":true,\"htmlType\":\"input\",\"increment\":false,\"insert\":true,\"isEdit\":\"1\",\"isIncrement\":\"0\",\"isInsert\":\"1\",\"isList\":\"1\",\"isPk\":\"0\",\"isQuery\":\"1\",\"isRequired\":\"1\",\"javaField\":\"priority\",\"javaType\":\"Long\",\"list\":true,\"params\":{},\"pk\":false,\"query\":true,\"queryType\":\"EQ\",\"required\":true,\"sort\":2,\"superColumn\":false,\"tableId\":12,\"updateBy\":\"\",\"usableColumn\":false},{\"capJavaField\":\"Validity\",\"columnComment\":\"截止日期\",\"columnId\":64,\"columnName\":\"validity\",\"columnType\":\"datetime\",\"createBy\":\"admin\",\"createTime\":\"2024-07-05 21:52:28\",\"dictType\":\"\",\"edit\":true,\"htmlType\":\"datetime\",\"increment\":false,\"insert\":true,\"isEdit\":\"1\",\"isIncrement\":\"0\",\"isInsert\":\"1\",\"isList\":\"1\",\"isPk\":\"0\",\"isQuery\":\"0\",\"isRequired\":\"1\",\"javaField\":\"validity\",\"javaType\":\"Date\",\"list\":true,\"params\":{},\"pk\":false,\"query\":false,\"queryType\":\"EQ\",\"required\":true,\"sort\":3,\"superColumn\":false,\"tableId\":12,\"updateBy\":\"\",\"usableColumn\":false},{\"capJavaField\":\"Content\",\"columnComment\":\"内容\",\"columnId\":65,\"columnName\":\"content\",\"columnType\":\"varchar(255)\",\"createBy\":\"admin\",\"createTime\":\"2024-07-05 21:52:28\",\"dictType\":\"\",\"edit\":true,\"htmlType\":\"editor\",\"increment\":false,\"insert\":true,\"isEdit\":\"1\",\"isIncrement\":\"0\",\"isInsert\":\"1\",\"isList\":\"1\",\"isPk\":\"0\",\"isQuery\":\"1\",\"isRequired\":\"1\",\"javaField\":\"content\",\"javaT', '{\"msg\":\"操作成功\",\"code\":200}', 0, NULL, '2024-07-06 00:09:34', 10);
INSERT INTO `sys_oper_log` VALUES (175, '代码生成', 8, 'com.ruoyi.gen.controller.GenController.batchGenCode()', 'GET', 1, 'admin', NULL, '/gen/batchGenCode', '127.0.0.1', '', '{\"tables\":\"emergencyinfo\"}', NULL, 0, NULL, '2024-07-06 00:09:40', 45);
INSERT INTO `sys_oper_log` VALUES (176, '代码生成', 2, 'com.ruoyi.gen.controller.GenController.editSave()', 'PUT', 1, 'admin', NULL, '/gen', '127.0.0.1', '', '{\"businessName\":\"nonstarmarketingrecords\",\"className\":\"Nonstarmarketingrecords\",\"columns\":[{\"capJavaField\":\"Id\",\"columnComment\":\"营销数据id\",\"columnId\":1,\"columnName\":\"id\",\"columnType\":\"int\",\"createBy\":\"admin\",\"createTime\":\"2024-07-05 21:51:15\",\"dictType\":\"\",\"edit\":false,\"htmlType\":\"input\",\"increment\":false,\"insert\":false,\"isIncrement\":\"0\",\"isInsert\":\"0\",\"isPk\":\"1\",\"javaField\":\"id\",\"javaType\":\"Long\",\"list\":false,\"params\":{},\"pk\":true,\"query\":false,\"queryType\":\"EQ\",\"required\":false,\"sort\":1,\"superColumn\":false,\"tableId\":1,\"updateBy\":\"\",\"updateTime\":\"2024-07-05 23:36:10\",\"usableColumn\":false},{\"capJavaField\":\"HotelId\",\"columnComment\":\"酒店id\",\"columnId\":2,\"columnName\":\"hotel_id\",\"columnType\":\"int\",\"createBy\":\"admin\",\"createTime\":\"2024-07-05 21:51:15\",\"dictType\":\"\",\"edit\":true,\"htmlType\":\"input\",\"increment\":false,\"insert\":true,\"isEdit\":\"1\",\"isIncrement\":\"0\",\"isInsert\":\"1\",\"isList\":\"1\",\"isPk\":\"0\",\"isQuery\":\"1\",\"isRequired\":\"1\",\"javaField\":\"hotelId\",\"javaType\":\"Long\",\"list\":true,\"params\":{},\"pk\":false,\"query\":true,\"queryType\":\"EQ\",\"required\":true,\"sort\":2,\"superColumn\":false,\"tableId\":1,\"updateBy\":\"\",\"updateTime\":\"2024-07-05 23:36:10\",\"usableColumn\":false},{\"capJavaField\":\"RoomTypeId\",\"columnComment\":\"房型id\",\"columnId\":3,\"columnName\":\"room_type_id\",\"columnType\":\"int\",\"createBy\":\"admin\",\"createTime\":\"2024-07-05 21:51:15\",\"dictType\":\"\",\"edit\":true,\"htmlType\":\"input\",\"increment\":false,\"insert\":true,\"isEdit\":\"1\",\"isIncrement\":\"0\",\"isInsert\":\"1\",\"isList\":\"1\",\"isPk\":\"0\",\"isQuery\":\"1\",\"isRequired\":\"1\",\"javaField\":\"roomTypeId\",\"javaType\":\"Long\",\"list\":true,\"params\":{},\"pk\":false,\"query\":true,\"queryType\":\"EQ\",\"required\":true,\"sort\":3,\"superColumn\":false,\"tableId\":1,\"updateBy\":\"\",\"updateTime\":\"2024-07-05 23:36:10\",\"usableColumn\":false},{\"capJavaField\":\"TotalSales\",\"columnComment\":\"总销量\",\"columnId\":4,\"columnName\":\"total_sales\",\"columnType\":\"int\",\"createBy\":\"admin\",\"createTime\":\"2024-07-05 21:51:15\",\"dictType\":\"\",\"edit\":true,\"htmlType\":\"input\",\"increment\":false,\"insert\":true,\"isEdit\":\"1\",\"i', '{\"msg\":\"操作成功\",\"code\":200}', 0, NULL, '2024-07-06 15:26:49', 79);
INSERT INTO `sys_oper_log` VALUES (177, '代码生成', 2, 'com.ruoyi.gen.controller.GenController.editSave()', 'PUT', 1, 'admin', NULL, '/gen', '127.0.0.1', '', '{\"businessName\":\"nonstarroomtypes\",\"className\":\"Nonstarroomtypes\",\"columns\":[{\"capJavaField\":\"Id\",\"columnComment\":\"非星级放行id\",\"columnId\":5,\"columnName\":\"id\",\"columnType\":\"int\",\"createBy\":\"admin\",\"createTime\":\"2024-07-05 21:51:15\",\"dictType\":\"\",\"edit\":false,\"htmlType\":\"input\",\"increment\":false,\"insert\":false,\"isIncrement\":\"0\",\"isInsert\":\"0\",\"isPk\":\"1\",\"javaField\":\"id\",\"javaType\":\"Long\",\"list\":false,\"params\":{},\"pk\":true,\"query\":false,\"queryType\":\"EQ\",\"required\":false,\"sort\":1,\"superColumn\":false,\"tableId\":2,\"updateBy\":\"\",\"updateTime\":\"2024-07-05 23:36:18\",\"usableColumn\":false},{\"capJavaField\":\"HotelId\",\"columnComment\":\"酒店id\",\"columnId\":6,\"columnName\":\"hotel_id\",\"columnType\":\"int\",\"createBy\":\"admin\",\"createTime\":\"2024-07-05 21:51:15\",\"dictType\":\"\",\"edit\":true,\"htmlType\":\"input\",\"increment\":false,\"insert\":true,\"isEdit\":\"1\",\"isIncrement\":\"0\",\"isInsert\":\"1\",\"isList\":\"1\",\"isPk\":\"0\",\"isQuery\":\"1\",\"javaField\":\"hotelId\",\"javaType\":\"Long\",\"list\":true,\"params\":{},\"pk\":false,\"query\":true,\"queryType\":\"EQ\",\"required\":false,\"sort\":2,\"superColumn\":false,\"tableId\":2,\"updateBy\":\"\",\"updateTime\":\"2024-07-05 23:36:18\",\"usableColumn\":false},{\"capJavaField\":\"Name\",\"columnComment\":\"房型名称\",\"columnId\":7,\"columnName\":\"name\",\"columnType\":\"varchar(255)\",\"createBy\":\"admin\",\"createTime\":\"2024-07-05 21:51:15\",\"dictType\":\"\",\"edit\":true,\"htmlType\":\"input\",\"increment\":false,\"insert\":true,\"isEdit\":\"1\",\"isIncrement\":\"0\",\"isInsert\":\"1\",\"isList\":\"1\",\"isPk\":\"0\",\"isQuery\":\"1\",\"isRequired\":\"1\",\"javaField\":\"name\",\"javaType\":\"String\",\"list\":true,\"params\":{},\"pk\":false,\"query\":true,\"queryType\":\"LIKE\",\"required\":true,\"sort\":3,\"superColumn\":false,\"tableId\":2,\"updateBy\":\"\",\"updateTime\":\"2024-07-05 23:36:18\",\"usableColumn\":false},{\"capJavaField\":\"Price\",\"columnComment\":\"价格\",\"columnId\":8,\"columnName\":\"price\",\"columnType\":\"decimal(10,2)\",\"createBy\":\"admin\",\"createTime\":\"2024-07-05 21:51:15\",\"dictType\":\"\",\"edit\":true,\"htmlType\":\"input\",\"increment\":false,\"insert\":true,\"isEdit\":\"1\",\"isIncrement\":\"0\",\"isInsert\":\"1\",\"isList', '{\"msg\":\"操作成功\",\"code\":200}', 0, NULL, '2024-07-06 15:27:04', 27);
INSERT INTO `sys_oper_log` VALUES (178, '代码生成', 2, 'com.ruoyi.gen.controller.GenController.editSave()', 'PUT', 1, 'admin', NULL, '/gen', '127.0.0.1', '', '{\"businessName\":\"performancegroups\",\"className\":\"Performancegroups\",\"columns\":[{\"capJavaField\":\"Id\",\"columnComment\":\"演出团体id\",\"columnId\":11,\"columnName\":\"id\",\"columnType\":\"int\",\"createBy\":\"admin\",\"createTime\":\"2024-07-05 21:51:15\",\"dictType\":\"\",\"edit\":false,\"htmlType\":\"input\",\"increment\":false,\"insert\":false,\"isIncrement\":\"0\",\"isInsert\":\"0\",\"isPk\":\"1\",\"javaField\":\"id\",\"javaType\":\"Long\",\"list\":false,\"params\":{},\"pk\":true,\"query\":false,\"queryType\":\"EQ\",\"required\":false,\"sort\":1,\"superColumn\":false,\"tableId\":3,\"updateBy\":\"\",\"updateTime\":\"2024-07-06 00:04:37\",\"usableColumn\":false},{\"capJavaField\":\"Name\",\"columnComment\":\"团体名称\",\"columnId\":12,\"columnName\":\"name\",\"columnType\":\"varchar(255)\",\"createBy\":\"admin\",\"createTime\":\"2024-07-05 21:51:15\",\"dictType\":\"\",\"edit\":true,\"htmlType\":\"input\",\"increment\":false,\"insert\":true,\"isEdit\":\"1\",\"isIncrement\":\"0\",\"isInsert\":\"1\",\"isList\":\"1\",\"isPk\":\"0\",\"isQuery\":\"1\",\"isRequired\":\"1\",\"javaField\":\"name\",\"javaType\":\"String\",\"list\":true,\"params\":{},\"pk\":false,\"query\":true,\"queryType\":\"LIKE\",\"required\":true,\"sort\":2,\"superColumn\":false,\"tableId\":3,\"updateBy\":\"\",\"updateTime\":\"2024-07-06 00:04:37\",\"usableColumn\":false},{\"capJavaField\":\"StartTime\",\"columnComment\":\"开始时间\",\"columnId\":13,\"columnName\":\"start_time\",\"columnType\":\"datetime\",\"createBy\":\"admin\",\"createTime\":\"2024-07-05 21:51:15\",\"dictType\":\"\",\"edit\":true,\"htmlType\":\"datetime\",\"increment\":false,\"insert\":true,\"isEdit\":\"1\",\"isIncrement\":\"0\",\"isInsert\":\"1\",\"isList\":\"1\",\"isPk\":\"0\",\"isQuery\":\"1\",\"isRequired\":\"1\",\"javaField\":\"startTime\",\"javaType\":\"Date\",\"list\":true,\"params\":{},\"pk\":false,\"query\":true,\"queryType\":\"EQ\",\"required\":true,\"sort\":3,\"superColumn\":false,\"tableId\":3,\"updateBy\":\"\",\"updateTime\":\"2024-07-06 00:04:37\",\"usableColumn\":false},{\"capJavaField\":\"Duration\",\"columnComment\":\"演出单场时长\",\"columnId\":14,\"columnName\":\"duration\",\"columnType\":\"int\",\"createBy\":\"admin\",\"createTime\":\"2024-07-05 21:51:15\",\"dictType\":\"\",\"edit\":true,\"htmlType\":\"input\",\"increment\":false,\"insert\":true,\"isEdit\":\"1\",\"isIn', '{\"msg\":\"操作成功\",\"code\":200}', 0, NULL, '2024-07-06 15:27:20', 41);
INSERT INTO `sys_oper_log` VALUES (179, '代码生成', 2, 'com.ruoyi.gen.controller.GenController.editSave()', 'PUT', 1, 'admin', NULL, '/gen', '127.0.0.1', '', '{\"businessName\":\"scenicareas\",\"className\":\"Scenicareas\",\"columns\":[{\"capJavaField\":\"Id\",\"columnComment\":\"景区id\",\"columnId\":18,\"columnName\":\"id\",\"columnType\":\"int\",\"createBy\":\"admin\",\"createTime\":\"2024-07-05 21:51:15\",\"dictType\":\"\",\"edit\":false,\"htmlType\":\"input\",\"increment\":false,\"insert\":false,\"isIncrement\":\"0\",\"isInsert\":\"0\",\"isPk\":\"1\",\"javaField\":\"id\",\"javaType\":\"Long\",\"list\":false,\"params\":{},\"pk\":true,\"query\":false,\"queryType\":\"EQ\",\"required\":false,\"sort\":1,\"superColumn\":false,\"tableId\":4,\"updateBy\":\"\",\"updateTime\":\"2024-07-05 23:57:50\",\"usableColumn\":false},{\"capJavaField\":\"City\",\"columnComment\":\"城市\",\"columnId\":19,\"columnName\":\"city\",\"columnType\":\"varchar(255)\",\"createBy\":\"admin\",\"createTime\":\"2024-07-05 21:51:15\",\"dictType\":\"\",\"edit\":true,\"htmlType\":\"input\",\"increment\":false,\"insert\":true,\"isEdit\":\"1\",\"isIncrement\":\"0\",\"isInsert\":\"1\",\"isList\":\"1\",\"isPk\":\"0\",\"isQuery\":\"1\",\"isRequired\":\"1\",\"javaField\":\"city\",\"javaType\":\"String\",\"list\":true,\"params\":{},\"pk\":false,\"query\":true,\"queryType\":\"EQ\",\"required\":true,\"sort\":2,\"superColumn\":false,\"tableId\":4,\"updateBy\":\"\",\"updateTime\":\"2024-07-05 23:57:50\",\"usableColumn\":false},{\"capJavaField\":\"Name\",\"columnComment\":\"景区名称\",\"columnId\":20,\"columnName\":\"name\",\"columnType\":\"varchar(255)\",\"createBy\":\"admin\",\"createTime\":\"2024-07-05 21:51:15\",\"dictType\":\"\",\"edit\":true,\"htmlType\":\"input\",\"increment\":false,\"insert\":true,\"isEdit\":\"1\",\"isIncrement\":\"0\",\"isInsert\":\"1\",\"isList\":\"1\",\"isPk\":\"0\",\"isQuery\":\"1\",\"isRequired\":\"1\",\"javaField\":\"name\",\"javaType\":\"String\",\"list\":true,\"params\":{},\"pk\":false,\"query\":true,\"queryType\":\"LIKE\",\"required\":true,\"sort\":3,\"superColumn\":false,\"tableId\":4,\"updateBy\":\"\",\"updateTime\":\"2024-07-05 23:57:50\",\"usableColumn\":false},{\"capJavaField\":\"Address\",\"columnComment\":\"地址\",\"columnId\":21,\"columnName\":\"address\",\"columnType\":\"varchar(255)\",\"createBy\":\"admin\",\"createTime\":\"2024-07-05 21:51:15\",\"dictType\":\"\",\"edit\":true,\"htmlType\":\"input\",\"increment\":false,\"insert\":true,\"isEdit\":\"1\",\"isIncrement\":\"0\",\"isInsert\":\"1', '{\"msg\":\"操作成功\",\"code\":200}', 0, NULL, '2024-07-06 15:27:29', 18);
INSERT INTO `sys_oper_log` VALUES (180, '代码生成', 2, 'com.ruoyi.gen.controller.GenController.editSave()', 'PUT', 1, 'admin', NULL, '/gen', '127.0.0.1', '', '{\"businessName\":\"starhotels\",\"className\":\"Starhotels\",\"columns\":[{\"capJavaField\":\"Id\",\"columnComment\":\"星级酒店id\",\"columnId\":33,\"columnName\":\"id\",\"columnType\":\"int\",\"createBy\":\"admin\",\"createTime\":\"2024-07-05 21:51:15\",\"dictType\":\"\",\"edit\":false,\"htmlType\":\"input\",\"increment\":false,\"insert\":false,\"isIncrement\":\"0\",\"isInsert\":\"0\",\"isPk\":\"1\",\"javaField\":\"id\",\"javaType\":\"Long\",\"list\":false,\"params\":{},\"pk\":true,\"query\":false,\"queryType\":\"EQ\",\"required\":false,\"sort\":1,\"superColumn\":false,\"tableId\":7,\"updateBy\":\"\",\"updateTime\":\"2024-07-05 23:37:42\",\"usableColumn\":false},{\"capJavaField\":\"Name\",\"columnComment\":\"酒店名称\",\"columnId\":34,\"columnName\":\"name\",\"columnType\":\"varchar(255)\",\"createBy\":\"admin\",\"createTime\":\"2024-07-05 21:51:15\",\"dictType\":\"\",\"edit\":true,\"htmlType\":\"input\",\"increment\":false,\"insert\":true,\"isEdit\":\"1\",\"isIncrement\":\"0\",\"isInsert\":\"1\",\"isList\":\"1\",\"isPk\":\"0\",\"isQuery\":\"1\",\"isRequired\":\"1\",\"javaField\":\"name\",\"javaType\":\"String\",\"list\":true,\"params\":{},\"pk\":false,\"query\":true,\"queryType\":\"LIKE\",\"required\":true,\"sort\":2,\"superColumn\":false,\"tableId\":7,\"updateBy\":\"\",\"updateTime\":\"2024-07-05 23:37:42\",\"usableColumn\":false},{\"capJavaField\":\"StarLevel\",\"columnComment\":\"酒店星级\",\"columnId\":35,\"columnName\":\"star_level\",\"columnType\":\"int\",\"createBy\":\"admin\",\"createTime\":\"2024-07-05 21:51:15\",\"dictType\":\"\",\"edit\":true,\"htmlType\":\"input\",\"increment\":false,\"insert\":true,\"isEdit\":\"1\",\"isIncrement\":\"0\",\"isInsert\":\"1\",\"isList\":\"1\",\"isPk\":\"0\",\"isQuery\":\"0\",\"isRequired\":\"1\",\"javaField\":\"starLevel\",\"javaType\":\"Long\",\"list\":true,\"params\":{},\"pk\":false,\"query\":false,\"queryType\":\"EQ\",\"required\":true,\"sort\":3,\"superColumn\":false,\"tableId\":7,\"updateBy\":\"\",\"updateTime\":\"2024-07-05 23:37:42\",\"usableColumn\":false},{\"capJavaField\":\"MinPrice\",\"columnComment\":\"最低价\",\"columnId\":36,\"columnName\":\"min_price\",\"columnType\":\"int\",\"createBy\":\"admin\",\"createTime\":\"2024-07-05 21:51:15\",\"dictType\":\"\",\"edit\":true,\"htmlType\":\"input\",\"increment\":false,\"insert\":true,\"isEdit\":\"1\",\"isIncrement\":\"0\",\"isInsert\"', '{\"msg\":\"操作成功\",\"code\":200}', 0, NULL, '2024-07-06 15:28:31', 25);
INSERT INTO `sys_oper_log` VALUES (181, '代码生成', 2, 'com.ruoyi.gen.controller.GenController.editSave()', 'PUT', 1, 'admin', NULL, '/gen', '127.0.0.1', '', '{\"businessName\":\"starmarketingrecords\",\"className\":\"Starmarketingrecords\",\"columns\":[{\"capJavaField\":\"Id\",\"columnComment\":\"星级酒店营销id\",\"columnId\":39,\"columnName\":\"id\",\"columnType\":\"int\",\"createBy\":\"admin\",\"createTime\":\"2024-07-05 21:51:15\",\"dictType\":\"\",\"edit\":false,\"htmlType\":\"input\",\"increment\":false,\"insert\":false,\"isIncrement\":\"0\",\"isInsert\":\"0\",\"isPk\":\"1\",\"javaField\":\"id\",\"javaType\":\"Long\",\"list\":false,\"params\":{},\"pk\":true,\"query\":false,\"queryType\":\"EQ\",\"required\":false,\"sort\":1,\"superColumn\":false,\"tableId\":8,\"updateBy\":\"\",\"updateTime\":\"2024-07-05 23:37:37\",\"usableColumn\":false},{\"capJavaField\":\"HotelId\",\"columnComment\":\"酒店id\",\"columnId\":40,\"columnName\":\"hotel_id\",\"columnType\":\"int\",\"createBy\":\"admin\",\"createTime\":\"2024-07-05 21:51:15\",\"dictType\":\"\",\"edit\":true,\"htmlType\":\"input\",\"increment\":false,\"insert\":true,\"isEdit\":\"1\",\"isIncrement\":\"0\",\"isInsert\":\"1\",\"isList\":\"1\",\"isPk\":\"0\",\"isQuery\":\"1\",\"isRequired\":\"1\",\"javaField\":\"hotelId\",\"javaType\":\"Long\",\"list\":true,\"params\":{},\"pk\":false,\"query\":true,\"queryType\":\"EQ\",\"required\":true,\"sort\":2,\"superColumn\":false,\"tableId\":8,\"updateBy\":\"\",\"updateTime\":\"2024-07-05 23:37:37\",\"usableColumn\":false},{\"capJavaField\":\"RoomTypeId\",\"columnComment\":\"房型id\",\"columnId\":41,\"columnName\":\"room_type_id\",\"columnType\":\"int\",\"createBy\":\"admin\",\"createTime\":\"2024-07-05 21:51:15\",\"dictType\":\"\",\"edit\":true,\"htmlType\":\"input\",\"increment\":false,\"insert\":true,\"isEdit\":\"1\",\"isIncrement\":\"0\",\"isInsert\":\"1\",\"isList\":\"1\",\"isPk\":\"0\",\"isQuery\":\"1\",\"isRequired\":\"1\",\"javaField\":\"roomTypeId\",\"javaType\":\"Long\",\"list\":true,\"params\":{},\"pk\":false,\"query\":true,\"queryType\":\"EQ\",\"required\":true,\"sort\":3,\"superColumn\":false,\"tableId\":8,\"updateBy\":\"\",\"updateTime\":\"2024-07-05 23:37:37\",\"usableColumn\":false},{\"capJavaField\":\"TotalSales\",\"columnComment\":\"总销量\",\"columnId\":42,\"columnName\":\"total_sales\",\"columnType\":\"int\",\"createBy\":\"admin\",\"createTime\":\"2024-07-05 21:51:15\",\"dictType\":\"\",\"edit\":true,\"htmlType\":\"input\",\"increment\":false,\"insert\":true,\"isEdit\":\"1\",\"i', '{\"msg\":\"操作成功\",\"code\":200}', 0, NULL, '2024-07-06 15:28:42', 15);
INSERT INTO `sys_oper_log` VALUES (182, '代码生成', 2, 'com.ruoyi.gen.controller.GenController.editSave()', 'PUT', 1, 'admin', NULL, '/gen', '127.0.0.1', '', '{\"businessName\":\"starroomtypes\",\"className\":\"Starroomtypes\",\"columns\":[{\"capJavaField\":\"Id\",\"columnComment\":\"星级酒店房型id\",\"columnId\":43,\"columnName\":\"id\",\"columnType\":\"int\",\"createBy\":\"admin\",\"createTime\":\"2024-07-05 21:51:15\",\"dictType\":\"\",\"edit\":false,\"htmlType\":\"input\",\"increment\":false,\"insert\":false,\"isIncrement\":\"0\",\"isInsert\":\"0\",\"isPk\":\"1\",\"javaField\":\"id\",\"javaType\":\"Long\",\"list\":false,\"params\":{},\"pk\":true,\"query\":false,\"queryType\":\"EQ\",\"required\":false,\"sort\":1,\"superColumn\":false,\"tableId\":9,\"updateBy\":\"\",\"updateTime\":\"2024-07-05 23:37:27\",\"usableColumn\":false},{\"capJavaField\":\"HotelId\",\"columnComment\":\"酒店id\",\"columnId\":44,\"columnName\":\"hotel_id\",\"columnType\":\"int\",\"createBy\":\"admin\",\"createTime\":\"2024-07-05 21:51:15\",\"dictType\":\"\",\"edit\":true,\"htmlType\":\"input\",\"increment\":false,\"insert\":true,\"isEdit\":\"1\",\"isIncrement\":\"0\",\"isInsert\":\"1\",\"isList\":\"1\",\"isPk\":\"0\",\"isQuery\":\"1\",\"isRequired\":\"1\",\"javaField\":\"hotelId\",\"javaType\":\"Long\",\"list\":true,\"params\":{},\"pk\":false,\"query\":true,\"queryType\":\"EQ\",\"required\":true,\"sort\":2,\"superColumn\":false,\"tableId\":9,\"updateBy\":\"\",\"updateTime\":\"2024-07-05 23:37:27\",\"usableColumn\":false},{\"capJavaField\":\"Name\",\"columnComment\":\"房型名称\",\"columnId\":45,\"columnName\":\"name\",\"columnType\":\"varchar(255)\",\"createBy\":\"admin\",\"createTime\":\"2024-07-05 21:51:15\",\"dictType\":\"\",\"edit\":true,\"htmlType\":\"input\",\"increment\":false,\"insert\":true,\"isEdit\":\"1\",\"isIncrement\":\"0\",\"isInsert\":\"1\",\"isList\":\"1\",\"isPk\":\"0\",\"isQuery\":\"1\",\"isRequired\":\"1\",\"javaField\":\"name\",\"javaType\":\"String\",\"list\":true,\"params\":{},\"pk\":false,\"query\":true,\"queryType\":\"LIKE\",\"required\":true,\"sort\":3,\"superColumn\":false,\"tableId\":9,\"updateBy\":\"\",\"updateTime\":\"2024-07-05 23:37:27\",\"usableColumn\":false},{\"capJavaField\":\"Price\",\"columnComment\":\"价格\",\"columnId\":46,\"columnName\":\"price\",\"columnType\":\"int\",\"createBy\":\"admin\",\"createTime\":\"2024-07-05 21:51:15\",\"dictType\":\"\",\"edit\":true,\"htmlType\":\"input\",\"increment\":false,\"insert\":true,\"isEdit\":\"1\",\"isIncrement\":\"0\",\"isInsert\":\"1\",\"i', '{\"msg\":\"操作成功\",\"code\":200}', 0, NULL, '2024-07-06 15:28:53', 24);
INSERT INTO `sys_oper_log` VALUES (183, '代码生成', 2, 'com.ruoyi.gen.controller.GenController.editSave()', 'PUT', 1, 'admin', NULL, '/gen', '127.0.0.1', '', '{\"businessName\":\"complaints\",\"className\":\"Complaints\",\"columns\":[{\"capJavaField\":\"Id\",\"columnComment\":\"投诉id\",\"columnId\":49,\"columnName\":\"id\",\"columnType\":\"int\",\"createBy\":\"admin\",\"createTime\":\"2024-07-05 21:52:28\",\"dictType\":\"\",\"edit\":false,\"htmlType\":\"input\",\"increment\":false,\"insert\":false,\"isIncrement\":\"0\",\"isInsert\":\"0\",\"isPk\":\"1\",\"javaField\":\"id\",\"javaType\":\"Long\",\"list\":false,\"params\":{},\"pk\":true,\"query\":false,\"queryType\":\"EQ\",\"required\":false,\"sort\":1,\"superColumn\":false,\"tableId\":10,\"updateBy\":\"\",\"updateTime\":\"2024-07-05 23:52:35\",\"usableColumn\":false},{\"capJavaField\":\"Content\",\"columnComment\":\"内容\",\"columnId\":50,\"columnName\":\"content\",\"columnType\":\"text\",\"createBy\":\"admin\",\"createTime\":\"2024-07-05 21:52:28\",\"dictType\":\"\",\"edit\":true,\"htmlType\":\"editor\",\"increment\":false,\"insert\":true,\"isEdit\":\"1\",\"isIncrement\":\"0\",\"isInsert\":\"1\",\"isList\":\"1\",\"isPk\":\"0\",\"isQuery\":\"1\",\"isRequired\":\"1\",\"javaField\":\"content\",\"javaType\":\"String\",\"list\":true,\"params\":{},\"pk\":false,\"query\":true,\"queryType\":\"EQ\",\"required\":true,\"sort\":2,\"superColumn\":false,\"tableId\":10,\"updateBy\":\"\",\"updateTime\":\"2024-07-05 23:52:35\",\"usableColumn\":false},{\"capJavaField\":\"SubmitTime\",\"columnComment\":\"提交时间\",\"columnId\":51,\"columnName\":\"submit_time\",\"columnType\":\"datetime\",\"createBy\":\"admin\",\"createTime\":\"2024-07-05 21:52:28\",\"dictType\":\"\",\"edit\":true,\"htmlType\":\"datetime\",\"increment\":false,\"insert\":true,\"isEdit\":\"1\",\"isIncrement\":\"0\",\"isInsert\":\"1\",\"isList\":\"1\",\"isPk\":\"0\",\"isQuery\":\"1\",\"isRequired\":\"1\",\"javaField\":\"submitTime\",\"javaType\":\"Date\",\"list\":true,\"params\":{},\"pk\":false,\"query\":true,\"queryType\":\"EQ\",\"required\":true,\"sort\":3,\"superColumn\":false,\"tableId\":10,\"updateBy\":\"\",\"updateTime\":\"2024-07-05 23:52:35\",\"usableColumn\":false},{\"capJavaField\":\"Status\",\"columnComment\":\"0为待审批，1为已经审批待处理，2为已处理待确认，3为已经结案\",\"columnId\":52,\"columnName\":\"status\",\"columnType\":\"int\",\"createBy\":\"admin\",\"createTime\":\"2024-07-05 21:52:28\",\"dictType\":\"\",\"edit\":true,\"htmlType\":\"radio\",\"increment\":false,\"insert\":true,\"isEdit\":', '{\"msg\":\"操作成功\",\"code\":200}', 0, NULL, '2024-07-06 15:29:02', 23);
INSERT INTO `sys_oper_log` VALUES (184, '代码生成', 2, 'com.ruoyi.gen.controller.GenController.editSave()', 'PUT', 1, 'admin', NULL, '/gen', '127.0.0.1', '', '{\"businessName\":\"diningentertainment\",\"className\":\"Diningentertainment\",\"columns\":[{\"capJavaField\":\"Id\",\"columnComment\":\"餐饮娱乐id\",\"columnId\":56,\"columnName\":\"id\",\"columnType\":\"int\",\"createBy\":\"admin\",\"createTime\":\"2024-07-05 21:52:28\",\"dictType\":\"\",\"edit\":false,\"htmlType\":\"input\",\"increment\":false,\"insert\":false,\"isIncrement\":\"0\",\"isInsert\":\"0\",\"isPk\":\"1\",\"javaField\":\"id\",\"javaType\":\"Long\",\"list\":false,\"params\":{},\"pk\":true,\"query\":false,\"queryType\":\"EQ\",\"required\":false,\"sort\":1,\"superColumn\":false,\"tableId\":11,\"updateBy\":\"\",\"updateTime\":\"2024-07-06 00:06:20\",\"usableColumn\":false},{\"capJavaField\":\"Type\",\"columnComment\":\"类型\",\"columnId\":57,\"columnName\":\"type\",\"columnType\":\"varchar(50)\",\"createBy\":\"admin\",\"createTime\":\"2024-07-05 21:52:28\",\"dictType\":\"\",\"edit\":true,\"htmlType\":\"select\",\"increment\":false,\"insert\":true,\"isEdit\":\"1\",\"isIncrement\":\"0\",\"isInsert\":\"1\",\"isList\":\"1\",\"isPk\":\"0\",\"isQuery\":\"1\",\"isRequired\":\"1\",\"javaField\":\"type\",\"javaType\":\"String\",\"list\":true,\"params\":{},\"pk\":false,\"query\":true,\"queryType\":\"EQ\",\"required\":true,\"sort\":2,\"superColumn\":false,\"tableId\":11,\"updateBy\":\"\",\"updateTime\":\"2024-07-06 00:06:20\",\"usableColumn\":false},{\"capJavaField\":\"Name\",\"columnComment\":\"名称\",\"columnId\":58,\"columnName\":\"name\",\"columnType\":\"varchar(255)\",\"createBy\":\"admin\",\"createTime\":\"2024-07-05 21:52:28\",\"dictType\":\"\",\"edit\":true,\"htmlType\":\"input\",\"increment\":false,\"insert\":true,\"isEdit\":\"1\",\"isIncrement\":\"0\",\"isInsert\":\"1\",\"isList\":\"1\",\"isPk\":\"0\",\"isQuery\":\"1\",\"isRequired\":\"1\",\"javaField\":\"name\",\"javaType\":\"String\",\"list\":true,\"params\":{},\"pk\":false,\"query\":true,\"queryType\":\"LIKE\",\"required\":true,\"sort\":3,\"superColumn\":false,\"tableId\":11,\"updateBy\":\"\",\"updateTime\":\"2024-07-06 00:06:20\",\"usableColumn\":false},{\"capJavaField\":\"OpeningTime\",\"columnComment\":\"营业开始时间\",\"columnId\":59,\"columnName\":\"opening_time\",\"columnType\":\"time\",\"createBy\":\"admin\",\"createTime\":\"2024-07-05 21:52:28\",\"dictType\":\"\",\"edit\":true,\"htmlType\":\"datetime\",\"increment\":false,\"insert\":true,\"isEdit\":\"1\",\"isI', '{\"msg\":\"操作成功\",\"code\":200}', 0, NULL, '2024-07-06 15:29:12', 19);
INSERT INTO `sys_oper_log` VALUES (185, '代码生成', 2, 'com.ruoyi.gen.controller.GenController.editSave()', 'PUT', 1, 'admin', NULL, '/gen', '127.0.0.1', '', '{\"businessName\":\"emergencyinfo\",\"className\":\"Emergencyinfo\",\"columns\":[{\"capJavaField\":\"Id\",\"columnComment\":\"应急信息id\",\"columnId\":62,\"columnName\":\"id\",\"columnType\":\"int\",\"createBy\":\"admin\",\"createTime\":\"2024-07-05 21:52:28\",\"dictType\":\"\",\"edit\":false,\"htmlType\":\"input\",\"increment\":false,\"insert\":false,\"isIncrement\":\"0\",\"isInsert\":\"0\",\"isPk\":\"1\",\"javaField\":\"id\",\"javaType\":\"Long\",\"list\":false,\"params\":{},\"pk\":true,\"query\":false,\"queryType\":\"EQ\",\"required\":false,\"sort\":1,\"superColumn\":false,\"tableId\":12,\"updateBy\":\"\",\"updateTime\":\"2024-07-06 00:09:34\",\"usableColumn\":false},{\"capJavaField\":\"Priority\",\"columnComment\":\"优先级\",\"columnId\":63,\"columnName\":\"priority\",\"columnType\":\"int\",\"createBy\":\"admin\",\"createTime\":\"2024-07-05 21:52:28\",\"dictType\":\"\",\"edit\":true,\"htmlType\":\"input\",\"increment\":false,\"insert\":true,\"isEdit\":\"1\",\"isIncrement\":\"0\",\"isInsert\":\"1\",\"isList\":\"1\",\"isPk\":\"0\",\"isQuery\":\"1\",\"isRequired\":\"1\",\"javaField\":\"priority\",\"javaType\":\"Long\",\"list\":true,\"params\":{},\"pk\":false,\"query\":true,\"queryType\":\"EQ\",\"required\":true,\"sort\":2,\"superColumn\":false,\"tableId\":12,\"updateBy\":\"\",\"updateTime\":\"2024-07-06 00:09:34\",\"usableColumn\":false},{\"capJavaField\":\"Validity\",\"columnComment\":\"截止日期\",\"columnId\":64,\"columnName\":\"validity\",\"columnType\":\"datetime\",\"createBy\":\"admin\",\"createTime\":\"2024-07-05 21:52:28\",\"dictType\":\"\",\"edit\":true,\"htmlType\":\"datetime\",\"increment\":false,\"insert\":true,\"isEdit\":\"1\",\"isIncrement\":\"0\",\"isInsert\":\"1\",\"isList\":\"1\",\"isPk\":\"0\",\"isQuery\":\"0\",\"isRequired\":\"1\",\"javaField\":\"validity\",\"javaType\":\"Date\",\"list\":true,\"params\":{},\"pk\":false,\"query\":false,\"queryType\":\"EQ\",\"required\":true,\"sort\":3,\"superColumn\":false,\"tableId\":12,\"updateBy\":\"\",\"updateTime\":\"2024-07-06 00:09:34\",\"usableColumn\":false},{\"capJavaField\":\"Content\",\"columnComment\":\"内容\",\"columnId\":65,\"columnName\":\"content\",\"columnType\":\"varchar(255)\",\"createBy\":\"admin\",\"createTime\":\"2024-07-05 21:52:28\",\"dictType\":\"\",\"edit\":true,\"htmlType\":\"editor\",\"increment\":false,\"insert\":true,\"isEdit\":\"1\",\"isIncremen', '{\"msg\":\"操作成功\",\"code\":200}', 0, NULL, '2024-07-06 15:29:20', 38);
INSERT INTO `sys_oper_log` VALUES (186, '代码生成', 2, 'com.ruoyi.gen.controller.GenController.editSave()', 'PUT', 1, 'admin', NULL, '/gen', '127.0.0.1', '', '{\"businessName\":\"feedbackresults\",\"className\":\"Feedbackresults\",\"columns\":[{\"capJavaField\":\"Id\",\"columnComment\":\"投诉处理结果反馈id\",\"columnId\":68,\"columnName\":\"id\",\"columnType\":\"int\",\"createBy\":\"admin\",\"createTime\":\"2024-07-05 21:52:28\",\"dictType\":\"\",\"edit\":false,\"htmlType\":\"input\",\"increment\":false,\"insert\":false,\"isIncrement\":\"0\",\"isInsert\":\"0\",\"isPk\":\"1\",\"javaField\":\"id\",\"javaType\":\"Long\",\"list\":false,\"params\":{},\"pk\":true,\"query\":false,\"queryType\":\"EQ\",\"required\":false,\"sort\":1,\"superColumn\":false,\"tableId\":13,\"updateBy\":\"\",\"updateTime\":\"2024-07-05 23:54:50\",\"usableColumn\":false},{\"capJavaField\":\"HandleResultId\",\"columnComment\":\"处理结果id\",\"columnId\":69,\"columnName\":\"handle_result_id\",\"columnType\":\"int\",\"createBy\":\"admin\",\"createTime\":\"2024-07-05 21:52:28\",\"dictType\":\"\",\"edit\":true,\"htmlType\":\"input\",\"increment\":false,\"insert\":true,\"isEdit\":\"1\",\"isIncrement\":\"0\",\"isInsert\":\"1\",\"isList\":\"1\",\"isPk\":\"0\",\"isQuery\":\"1\",\"isRequired\":\"1\",\"javaField\":\"handleResultId\",\"javaType\":\"Long\",\"list\":true,\"params\":{},\"pk\":false,\"query\":true,\"queryType\":\"EQ\",\"required\":true,\"sort\":2,\"superColumn\":false,\"tableId\":13,\"updateBy\":\"\",\"updateTime\":\"2024-07-05 23:54:50\",\"usableColumn\":false},{\"capJavaField\":\"Rating\",\"columnComment\":\"评分\",\"columnId\":70,\"columnName\":\"rating\",\"columnType\":\"int\",\"createBy\":\"admin\",\"createTime\":\"2024-07-05 21:52:28\",\"dictType\":\"\",\"edit\":true,\"htmlType\":\"input\",\"increment\":false,\"insert\":true,\"isEdit\":\"1\",\"isIncrement\":\"0\",\"isInsert\":\"1\",\"isList\":\"1\",\"isPk\":\"0\",\"isQuery\":\"1\",\"isRequired\":\"1\",\"javaField\":\"rating\",\"javaType\":\"Long\",\"list\":true,\"params\":{},\"pk\":false,\"query\":true,\"queryType\":\"EQ\",\"required\":true,\"sort\":3,\"superColumn\":false,\"tableId\":13,\"updateBy\":\"\",\"updateTime\":\"2024-07-05 23:54:50\",\"usableColumn\":false}],\"crud\":true,\"functionAuthor\":\"ningf\",\"functionName\":\"投诉处理结果反馈\",\"genPath\":\"/\",\"genType\":\"0\",\"moduleName\":\"complaint\",\"options\":\"{\\\"parentMenuId\\\":\\\"2000\\\"}\",\"packageName\":\"com.ruoyi.complaint\",\"params\":{\"parentMenuId\":\"2000\"},\"parentMenuId\":\"2000\",\"sub\":', '{\"msg\":\"操作成功\",\"code\":200}', 0, NULL, '2024-07-06 15:29:30', 14);
INSERT INTO `sys_oper_log` VALUES (187, '代码生成', 2, 'com.ruoyi.gen.controller.GenController.editSave()', 'PUT', 1, 'admin', NULL, '/gen', '127.0.0.1', '', '{\"businessName\":\"handlingresults\",\"className\":\"Handlingresults\",\"columns\":[{\"capJavaField\":\"Id\",\"columnComment\":\"处理结果id\",\"columnId\":71,\"columnName\":\"id\",\"columnType\":\"int\",\"createBy\":\"admin\",\"createTime\":\"2024-07-05 21:52:28\",\"dictType\":\"\",\"edit\":false,\"htmlType\":\"input\",\"increment\":false,\"insert\":false,\"isIncrement\":\"0\",\"isInsert\":\"0\",\"isPk\":\"1\",\"javaField\":\"id\",\"javaType\":\"Long\",\"list\":false,\"params\":{},\"pk\":true,\"query\":false,\"queryType\":\"EQ\",\"required\":false,\"sort\":1,\"superColumn\":false,\"tableId\":14,\"updateBy\":\"\",\"updateTime\":\"2024-07-05 23:52:53\",\"usableColumn\":false},{\"capJavaField\":\"ComplaintId\",\"columnComment\":\"投诉id\",\"columnId\":72,\"columnName\":\"complaint_id\",\"columnType\":\"int\",\"createBy\":\"admin\",\"createTime\":\"2024-07-05 21:52:28\",\"dictType\":\"\",\"edit\":true,\"htmlType\":\"input\",\"increment\":false,\"insert\":true,\"isEdit\":\"1\",\"isIncrement\":\"0\",\"isInsert\":\"1\",\"isList\":\"1\",\"isPk\":\"0\",\"isQuery\":\"1\",\"isRequired\":\"1\",\"javaField\":\"complaintId\",\"javaType\":\"Long\",\"list\":true,\"params\":{},\"pk\":false,\"query\":true,\"queryType\":\"EQ\",\"required\":true,\"sort\":2,\"superColumn\":false,\"tableId\":14,\"updateBy\":\"\",\"updateTime\":\"2024-07-05 23:52:53\",\"usableColumn\":false},{\"capJavaField\":\"Result\",\"columnComment\":\"结果\",\"columnId\":73,\"columnName\":\"result\",\"columnType\":\"text\",\"createBy\":\"admin\",\"createTime\":\"2024-07-05 21:52:28\",\"dictType\":\"\",\"edit\":true,\"htmlType\":\"textarea\",\"increment\":false,\"insert\":true,\"isEdit\":\"1\",\"isIncrement\":\"0\",\"isInsert\":\"1\",\"isList\":\"1\",\"isPk\":\"0\",\"isQuery\":\"0\",\"isRequired\":\"1\",\"javaField\":\"result\",\"javaType\":\"String\",\"list\":true,\"params\":{},\"pk\":false,\"query\":false,\"queryType\":\"EQ\",\"required\":true,\"sort\":3,\"superColumn\":false,\"tableId\":14,\"updateBy\":\"\",\"updateTime\":\"2024-07-05 23:52:53\",\"usableColumn\":false},{\"capJavaField\":\"HandleTime\",\"columnComment\":\"处理时间\",\"columnId\":74,\"columnName\":\"handle_time\",\"columnType\":\"datetime\",\"createBy\":\"admin\",\"createTime\":\"2024-07-05 21:52:28\",\"dictType\":\"\",\"edit\":true,\"htmlType\":\"datetime\",\"increment\":false,\"insert\":true,\"isEdit\":\"1\"', '{\"msg\":\"操作成功\",\"code\":200}', 0, NULL, '2024-07-06 15:29:39', 38);
INSERT INTO `sys_oper_log` VALUES (188, '代码生成', 2, 'com.ruoyi.gen.controller.GenController.editSave()', 'PUT', 1, 'admin', NULL, '/gen', '127.0.0.1', '', '{\"businessName\":\"nonstarhotels\",\"className\":\"Nonstarhotels\",\"columns\":[{\"capJavaField\":\"Id\",\"columnComment\":\"非星级酒店id\",\"columnId\":87,\"columnName\":\"id\",\"columnType\":\"int\",\"createBy\":\"admin\",\"createTime\":\"2024-07-05 21:52:28\",\"dictType\":\"\",\"edit\":false,\"htmlType\":\"input\",\"increment\":false,\"insert\":false,\"isIncrement\":\"0\",\"isInsert\":\"0\",\"isPk\":\"1\",\"javaField\":\"id\",\"javaType\":\"Long\",\"list\":false,\"params\":{},\"pk\":true,\"query\":false,\"queryType\":\"EQ\",\"required\":false,\"sort\":1,\"superColumn\":false,\"tableId\":17,\"updateBy\":\"\",\"updateTime\":\"2024-07-05 23:37:47\",\"usableColumn\":false},{\"capJavaField\":\"Name\",\"columnComment\":\"酒店名称\",\"columnId\":88,\"columnName\":\"name\",\"columnType\":\"varchar(255)\",\"createBy\":\"admin\",\"createTime\":\"2024-07-05 21:52:28\",\"dictType\":\"\",\"edit\":true,\"htmlType\":\"input\",\"increment\":false,\"insert\":true,\"isEdit\":\"1\",\"isIncrement\":\"0\",\"isInsert\":\"1\",\"isList\":\"1\",\"isPk\":\"0\",\"isQuery\":\"1\",\"isRequired\":\"1\",\"javaField\":\"name\",\"javaType\":\"String\",\"list\":true,\"params\":{},\"pk\":false,\"query\":true,\"queryType\":\"LIKE\",\"required\":true,\"sort\":2,\"superColumn\":false,\"tableId\":17,\"updateBy\":\"\",\"updateTime\":\"2024-07-05 23:37:47\",\"usableColumn\":false},{\"capJavaField\":\"MinPrice\",\"columnComment\":\"最低价\",\"columnId\":89,\"columnName\":\"min_price\",\"columnType\":\"decimal(10,2)\",\"createBy\":\"admin\",\"createTime\":\"2024-07-05 21:52:28\",\"dictType\":\"\",\"edit\":true,\"htmlType\":\"input\",\"increment\":false,\"insert\":true,\"isEdit\":\"1\",\"isIncrement\":\"0\",\"isInsert\":\"1\",\"isList\":\"1\",\"isPk\":\"0\",\"isQuery\":\"0\",\"isRequired\":\"1\",\"javaField\":\"minPrice\",\"javaType\":\"BigDecimal\",\"list\":true,\"params\":{},\"pk\":false,\"query\":false,\"queryType\":\"EQ\",\"required\":true,\"sort\":3,\"superColumn\":false,\"tableId\":17,\"updateBy\":\"\",\"updateTime\":\"2024-07-05 23:37:47\",\"usableColumn\":false},{\"capJavaField\":\"TotalQuantity\",\"columnComment\":\"总剩余量\",\"columnId\":90,\"columnName\":\"total_quantity\",\"columnType\":\"int\",\"createBy\":\"admin\",\"createTime\":\"2024-07-05 21:52:28\",\"dictType\":\"\",\"edit\":true,\"htmlType\":\"input\",\"increment\":false,\"insert\":true,\"isEdit\"', '{\"msg\":\"操作成功\",\"code\":200}', 0, NULL, '2024-07-06 15:29:49', 15);
INSERT INTO `sys_oper_log` VALUES (189, '代码生成', 2, 'com.ruoyi.gen.controller.GenController.editSave()', 'PUT', 1, 'admin', NULL, '/gen', '127.0.0.1', '', '{\"businessName\":\"reviews\",\"className\":\"Reviews\",\"columns\":[{\"capJavaField\":\"Id\",\"columnComment\":\"餐饮娱乐评价id\",\"columnId\":92,\"columnName\":\"id\",\"columnType\":\"int\",\"createBy\":\"admin\",\"createTime\":\"2024-07-05 21:52:28\",\"dictType\":\"\",\"edit\":false,\"htmlType\":\"input\",\"increment\":false,\"insert\":false,\"isIncrement\":\"0\",\"isInsert\":\"0\",\"isPk\":\"1\",\"javaField\":\"id\",\"javaType\":\"Long\",\"list\":false,\"params\":{},\"pk\":true,\"query\":false,\"queryType\":\"EQ\",\"required\":false,\"sort\":1,\"superColumn\":false,\"tableId\":18,\"updateBy\":\"\",\"updateTime\":\"2024-07-06 00:07:55\",\"usableColumn\":false},{\"capJavaField\":\"DiningEntertainmentId\",\"columnComment\":\"餐饮娱乐id\",\"columnId\":93,\"columnName\":\"dining_entertainment_id\",\"columnType\":\"int\",\"createBy\":\"admin\",\"createTime\":\"2024-07-05 21:52:28\",\"dictType\":\"\",\"edit\":true,\"htmlType\":\"input\",\"increment\":false,\"insert\":true,\"isEdit\":\"1\",\"isIncrement\":\"0\",\"isInsert\":\"1\",\"isList\":\"1\",\"isPk\":\"0\",\"isQuery\":\"1\",\"javaField\":\"diningEntertainmentId\",\"javaType\":\"Long\",\"list\":true,\"params\":{},\"pk\":false,\"query\":true,\"queryType\":\"EQ\",\"required\":false,\"sort\":2,\"superColumn\":false,\"tableId\":18,\"updateBy\":\"\",\"updateTime\":\"2024-07-06 00:07:55\",\"usableColumn\":false},{\"capJavaField\":\"Content\",\"columnComment\":\"内容\",\"columnId\":94,\"columnName\":\"content\",\"columnType\":\"varchar(255)\",\"createBy\":\"admin\",\"createTime\":\"2024-07-05 21:52:28\",\"dictType\":\"\",\"edit\":true,\"htmlType\":\"editor\",\"increment\":false,\"insert\":true,\"isEdit\":\"1\",\"isIncrement\":\"0\",\"isInsert\":\"1\",\"isList\":\"1\",\"isPk\":\"0\",\"isQuery\":\"0\",\"isRequired\":\"1\",\"javaField\":\"content\",\"javaType\":\"String\",\"list\":true,\"params\":{},\"pk\":false,\"query\":false,\"queryType\":\"EQ\",\"required\":true,\"sort\":3,\"superColumn\":false,\"tableId\":18,\"updateBy\":\"\",\"updateTime\":\"2024-07-06 00:07:55\",\"usableColumn\":false},{\"capJavaField\":\"GuestName\",\"columnComment\":\"用户id\",\"columnId\":95,\"columnName\":\"guest_name\",\"columnType\":\"bigint\",\"createBy\":\"admin\",\"createTime\":\"2024-07-05 21:52:28\",\"dictType\":\"\",\"edit\":true,\"htmlType\":\"input\",\"increment\":false,\"insert\":true,\"isEdit', '{\"msg\":\"操作成功\",\"code\":200}', 0, NULL, '2024-07-06 15:29:57', 16);
INSERT INTO `sys_oper_log` VALUES (190, '代码生成', 2, 'com.ruoyi.gen.controller.GenController.editSave()', 'PUT', 1, 'admin', NULL, '/gen', '127.0.0.1', '', '{\"businessName\":\"reviews\",\"className\":\"NonstarhotelReviews\",\"columns\":[{\"capJavaField\":\"Id\",\"columnComment\":\"非星级酒店评价id\",\"columnId\":100,\"columnName\":\"id\",\"columnType\":\"int\",\"createBy\":\"admin\",\"createTime\":\"2024-07-05 23:19:38\",\"dictType\":\"\",\"edit\":false,\"htmlType\":\"input\",\"increment\":false,\"insert\":false,\"isIncrement\":\"0\",\"isInsert\":\"0\",\"isPk\":\"1\",\"javaField\":\"id\",\"javaType\":\"Long\",\"list\":false,\"params\":{},\"pk\":true,\"query\":false,\"queryType\":\"EQ\",\"required\":false,\"sort\":1,\"superColumn\":false,\"tableId\":20,\"updateBy\":\"\",\"updateTime\":\"2024-07-05 23:37:54\",\"usableColumn\":false},{\"capJavaField\":\"HotelId\",\"columnComment\":\"酒店id\",\"columnId\":101,\"columnName\":\"hotel_id\",\"columnType\":\"int\",\"createBy\":\"admin\",\"createTime\":\"2024-07-05 23:19:38\",\"dictType\":\"\",\"edit\":true,\"htmlType\":\"input\",\"increment\":false,\"insert\":true,\"isEdit\":\"1\",\"isIncrement\":\"0\",\"isInsert\":\"1\",\"isList\":\"1\",\"isPk\":\"0\",\"isQuery\":\"1\",\"javaField\":\"hotelId\",\"javaType\":\"Long\",\"list\":true,\"params\":{},\"pk\":false,\"query\":true,\"queryType\":\"EQ\",\"required\":false,\"sort\":2,\"superColumn\":false,\"tableId\":20,\"updateBy\":\"\",\"updateTime\":\"2024-07-05 23:37:54\",\"usableColumn\":false},{\"capJavaField\":\"Content\",\"columnComment\":\"内容\",\"columnId\":102,\"columnName\":\"content\",\"columnType\":\"varchar(255)\",\"createBy\":\"admin\",\"createTime\":\"2024-07-05 23:19:38\",\"dictType\":\"\",\"edit\":true,\"htmlType\":\"editor\",\"increment\":false,\"insert\":true,\"isEdit\":\"1\",\"isIncrement\":\"0\",\"isInsert\":\"1\",\"isList\":\"1\",\"isPk\":\"0\",\"isQuery\":\"0\",\"isRequired\":\"1\",\"javaField\":\"content\",\"javaType\":\"String\",\"list\":true,\"params\":{},\"pk\":false,\"query\":false,\"queryType\":\"EQ\",\"required\":true,\"sort\":3,\"superColumn\":false,\"tableId\":20,\"updateBy\":\"\",\"updateTime\":\"2024-07-05 23:37:54\",\"usableColumn\":false},{\"capJavaField\":\"GuestId\",\"columnComment\":\"用户id\",\"columnId\":103,\"columnName\":\"guest_id\",\"columnType\":\"bigint\",\"createBy\":\"admin\",\"createTime\":\"2024-07-05 23:19:38\",\"dictType\":\"\",\"edit\":true,\"htmlType\":\"input\",\"increment\":false,\"insert\":true,\"isEdit\":\"1\",\"isIncrement\":\"0\",\"isInser', '{\"msg\":\"操作成功\",\"code\":200}', 0, NULL, '2024-07-06 15:30:08', 19);
INSERT INTO `sys_oper_log` VALUES (191, '代码生成', 2, 'com.ruoyi.gen.controller.GenController.editSave()', 'PUT', 1, 'admin', NULL, '/gen', '127.0.0.1', '', '{\"businessName\":\"starhotelreviews\",\"className\":\"Starhotelreviews\",\"columns\":[{\"capJavaField\":\"Id\",\"columnComment\":\"星级酒店评价id\",\"columnId\":105,\"columnName\":\"id\",\"columnType\":\"int\",\"createBy\":\"admin\",\"createTime\":\"2024-07-05 23:19:38\",\"dictType\":\"\",\"edit\":false,\"htmlType\":\"input\",\"increment\":false,\"insert\":false,\"isIncrement\":\"0\",\"isInsert\":\"0\",\"isPk\":\"1\",\"javaField\":\"id\",\"javaType\":\"Long\",\"list\":false,\"params\":{},\"pk\":true,\"query\":false,\"queryType\":\"EQ\",\"required\":false,\"sort\":1,\"superColumn\":false,\"tableId\":21,\"updateBy\":\"\",\"updateTime\":\"2024-07-05 23:37:58\",\"usableColumn\":false},{\"capJavaField\":\"HotelId\",\"columnComment\":\"酒店id\",\"columnId\":106,\"columnName\":\"hotel_id\",\"columnType\":\"int\",\"createBy\":\"admin\",\"createTime\":\"2024-07-05 23:19:38\",\"dictType\":\"\",\"edit\":true,\"htmlType\":\"input\",\"increment\":false,\"insert\":true,\"isEdit\":\"1\",\"isIncrement\":\"0\",\"isInsert\":\"1\",\"isList\":\"1\",\"isPk\":\"0\",\"isQuery\":\"1\",\"javaField\":\"hotelId\",\"javaType\":\"Long\",\"list\":true,\"params\":{},\"pk\":false,\"query\":true,\"queryType\":\"EQ\",\"required\":false,\"sort\":2,\"superColumn\":false,\"tableId\":21,\"updateBy\":\"\",\"updateTime\":\"2024-07-05 23:37:58\",\"usableColumn\":false},{\"capJavaField\":\"Content\",\"columnComment\":\"内容\",\"columnId\":107,\"columnName\":\"content\",\"columnType\":\"varchar(255)\",\"createBy\":\"admin\",\"createTime\":\"2024-07-05 23:19:38\",\"dictType\":\"\",\"edit\":true,\"htmlType\":\"editor\",\"increment\":false,\"insert\":true,\"isEdit\":\"1\",\"isIncrement\":\"0\",\"isInsert\":\"1\",\"isList\":\"1\",\"isPk\":\"0\",\"isQuery\":\"0\",\"isRequired\":\"1\",\"javaField\":\"content\",\"javaType\":\"String\",\"list\":true,\"params\":{},\"pk\":false,\"query\":false,\"queryType\":\"EQ\",\"required\":true,\"sort\":3,\"superColumn\":false,\"tableId\":21,\"updateBy\":\"\",\"updateTime\":\"2024-07-05 23:37:58\",\"usableColumn\":false},{\"capJavaField\":\"GuestId\",\"columnComment\":\"用户id\",\"columnId\":108,\"columnName\":\"guest_id\",\"columnType\":\"bigint\",\"createBy\":\"admin\",\"createTime\":\"2024-07-05 23:19:38\",\"dictType\":\"\",\"edit\":true,\"htmlType\":\"input\",\"increment\":false,\"insert\":true,\"isEdit\":\"1\",\"isIncrement\":\"0\",\"is', '{\"msg\":\"操作成功\",\"code\":200}', 0, NULL, '2024-07-06 15:30:19', 26);
INSERT INTO `sys_oper_log` VALUES (192, '代码生成', 2, 'com.ruoyi.gen.controller.GenController.editSave()', 'PUT', 1, 'admin', NULL, '/gen', '127.0.0.1', '', '{\"businessName\":\"nonstarbookings\",\"className\":\"Nonstarbookings\",\"columns\":[{\"capJavaField\":\"Id\",\"columnComment\":\"非星级酒店预定id\",\"columnId\":110,\"columnName\":\"id\",\"columnType\":\"int\",\"createBy\":\"admin\",\"createTime\":\"2024-07-05 23:40:05\",\"dictType\":\"\",\"edit\":false,\"htmlType\":\"input\",\"increment\":false,\"insert\":false,\"isIncrement\":\"0\",\"isInsert\":\"0\",\"isPk\":\"1\",\"javaField\":\"id\",\"javaType\":\"Long\",\"list\":false,\"params\":{},\"pk\":true,\"query\":false,\"queryType\":\"EQ\",\"required\":false,\"sort\":1,\"superColumn\":false,\"tableId\":22,\"updateBy\":\"\",\"updateTime\":\"2024-07-05 23:42:41\",\"usableColumn\":false},{\"capJavaField\":\"HotelId\",\"columnComment\":\"酒店id\",\"columnId\":111,\"columnName\":\"hotel_id\",\"columnType\":\"int\",\"createBy\":\"admin\",\"createTime\":\"2024-07-05 23:40:05\",\"dictType\":\"\",\"edit\":true,\"htmlType\":\"input\",\"increment\":false,\"insert\":true,\"isEdit\":\"1\",\"isIncrement\":\"0\",\"isInsert\":\"1\",\"isList\":\"1\",\"isPk\":\"0\",\"isQuery\":\"1\",\"isRequired\":\"1\",\"javaField\":\"hotelId\",\"javaType\":\"Long\",\"list\":true,\"params\":{},\"pk\":false,\"query\":true,\"queryType\":\"EQ\",\"required\":true,\"sort\":2,\"superColumn\":false,\"tableId\":22,\"updateBy\":\"\",\"updateTime\":\"2024-07-05 23:42:41\",\"usableColumn\":false},{\"capJavaField\":\"RoomTypeId\",\"columnComment\":\"房型id\",\"columnId\":112,\"columnName\":\"room_type_id\",\"columnType\":\"int\",\"createBy\":\"admin\",\"createTime\":\"2024-07-05 23:40:05\",\"dictType\":\"\",\"edit\":true,\"htmlType\":\"input\",\"increment\":false,\"insert\":true,\"isEdit\":\"1\",\"isIncrement\":\"0\",\"isInsert\":\"1\",\"isList\":\"1\",\"isPk\":\"0\",\"isQuery\":\"0\",\"isRequired\":\"1\",\"javaField\":\"roomTypeId\",\"javaType\":\"Long\",\"list\":true,\"params\":{},\"pk\":false,\"query\":false,\"queryType\":\"EQ\",\"required\":true,\"sort\":3,\"superColumn\":false,\"tableId\":22,\"updateBy\":\"\",\"updateTime\":\"2024-07-05 23:42:41\",\"usableColumn\":false},{\"capJavaField\":\"GuestName\",\"columnComment\":\"用户id\",\"columnId\":113,\"columnName\":\"guest_name\",\"columnType\":\"bigint\",\"createBy\":\"admin\",\"createTime\":\"2024-07-05 23:40:05\",\"dictType\":\"\",\"edit\":true,\"htmlType\":\"input\",\"increment\":false,\"insert\":true,\"isEdit\":\"1\",\"', '{\"msg\":\"操作成功\",\"code\":200}', 0, NULL, '2024-07-06 15:30:27', 19);
INSERT INTO `sys_oper_log` VALUES (193, '代码生成', 2, 'com.ruoyi.gen.controller.GenController.editSave()', 'PUT', 1, 'admin', NULL, '/gen', '127.0.0.1', '', '{\"businessName\":\"starbookings\",\"className\":\"Starbookings\",\"columns\":[{\"capJavaField\":\"Id\",\"columnComment\":\"星级酒店预定id\",\"columnId\":116,\"columnName\":\"id\",\"columnType\":\"int\",\"createBy\":\"admin\",\"createTime\":\"2024-07-05 23:40:05\",\"dictType\":\"\",\"edit\":false,\"htmlType\":\"input\",\"increment\":false,\"insert\":false,\"isIncrement\":\"0\",\"isInsert\":\"0\",\"isPk\":\"1\",\"javaField\":\"id\",\"javaType\":\"Long\",\"list\":false,\"params\":{},\"pk\":true,\"query\":false,\"queryType\":\"EQ\",\"required\":false,\"sort\":1,\"superColumn\":false,\"tableId\":23,\"updateBy\":\"\",\"updateTime\":\"2024-07-05 23:44:05\",\"usableColumn\":false},{\"capJavaField\":\"HotelId\",\"columnComment\":\"酒店id\",\"columnId\":117,\"columnName\":\"hotel_id\",\"columnType\":\"int\",\"createBy\":\"admin\",\"createTime\":\"2024-07-05 23:40:05\",\"dictType\":\"\",\"edit\":true,\"htmlType\":\"input\",\"increment\":false,\"insert\":true,\"isEdit\":\"1\",\"isIncrement\":\"0\",\"isInsert\":\"1\",\"isList\":\"1\",\"isPk\":\"0\",\"isQuery\":\"1\",\"isRequired\":\"1\",\"javaField\":\"hotelId\",\"javaType\":\"Long\",\"list\":true,\"params\":{},\"pk\":false,\"query\":true,\"queryType\":\"EQ\",\"required\":true,\"sort\":2,\"superColumn\":false,\"tableId\":23,\"updateBy\":\"\",\"updateTime\":\"2024-07-05 23:44:05\",\"usableColumn\":false},{\"capJavaField\":\"RoomTypeId\",\"columnComment\":\"房型id\",\"columnId\":118,\"columnName\":\"room_type_id\",\"columnType\":\"int\",\"createBy\":\"admin\",\"createTime\":\"2024-07-05 23:40:05\",\"dictType\":\"\",\"edit\":true,\"htmlType\":\"input\",\"increment\":false,\"insert\":true,\"isEdit\":\"1\",\"isIncrement\":\"0\",\"isInsert\":\"1\",\"isList\":\"1\",\"isPk\":\"0\",\"isQuery\":\"0\",\"isRequired\":\"1\",\"javaField\":\"roomTypeId\",\"javaType\":\"Long\",\"list\":true,\"params\":{},\"pk\":false,\"query\":false,\"queryType\":\"EQ\",\"required\":true,\"sort\":3,\"superColumn\":false,\"tableId\":23,\"updateBy\":\"\",\"updateTime\":\"2024-07-05 23:44:05\",\"usableColumn\":false},{\"capJavaField\":\"GuestName\",\"columnComment\":\"用户id\",\"columnId\":119,\"columnName\":\"guest_name\",\"columnType\":\"bigint\",\"createBy\":\"admin\",\"createTime\":\"2024-07-05 23:40:05\",\"dictType\":\"\",\"edit\":true,\"htmlType\":\"input\",\"increment\":false,\"insert\":true,\"isEdit\":\"1\",\"isIncre', '{\"msg\":\"操作成功\",\"code\":200}', 0, NULL, '2024-07-06 15:30:36', 19);
INSERT INTO `sys_oper_log` VALUES (194, '代码生成', 2, 'com.ruoyi.gen.controller.GenController.editSave()', 'PUT', 1, 'admin', NULL, '/gen', '127.0.0.1', '', '{\"businessName\":\"scenicspots\",\"className\":\"Scenicspots\",\"columns\":[{\"capJavaField\":\"Id\",\"columnComment\":\"景点id\",\"columnId\":122,\"columnName\":\"id\",\"columnType\":\"bigint\",\"createBy\":\"admin\",\"createTime\":\"2024-07-05 23:59:26\",\"dictType\":\"\",\"edit\":false,\"htmlType\":\"input\",\"increment\":false,\"insert\":false,\"isIncrement\":\"0\",\"isInsert\":\"0\",\"isPk\":\"1\",\"javaField\":\"id\",\"javaType\":\"Long\",\"list\":false,\"params\":{},\"pk\":true,\"query\":false,\"queryType\":\"EQ\",\"required\":false,\"sort\":1,\"superColumn\":false,\"tableId\":24,\"updateBy\":\"\",\"updateTime\":\"2024-07-06 00:00:36\",\"usableColumn\":false},{\"capJavaField\":\"ScenicAreaId\",\"columnComment\":\"景区id\",\"columnId\":123,\"columnName\":\"scenic_area_id\",\"columnType\":\"int\",\"createBy\":\"admin\",\"createTime\":\"2024-07-05 23:59:26\",\"dictType\":\"\",\"edit\":true,\"htmlType\":\"input\",\"increment\":false,\"insert\":true,\"isEdit\":\"1\",\"isIncrement\":\"0\",\"isInsert\":\"1\",\"isList\":\"1\",\"isPk\":\"0\",\"isQuery\":\"0\",\"javaField\":\"scenicAreaId\",\"javaType\":\"Long\",\"list\":true,\"params\":{},\"pk\":false,\"query\":false,\"queryType\":\"EQ\",\"required\":false,\"sort\":2,\"superColumn\":false,\"tableId\":24,\"updateBy\":\"\",\"updateTime\":\"2024-07-06 00:00:36\",\"usableColumn\":false},{\"capJavaField\":\"Address\",\"columnComment\":\"地址\",\"columnId\":124,\"columnName\":\"address\",\"columnType\":\"varchar(255)\",\"createBy\":\"admin\",\"createTime\":\"2024-07-05 23:59:26\",\"dictType\":\"\",\"edit\":true,\"htmlType\":\"input\",\"increment\":false,\"insert\":true,\"isEdit\":\"1\",\"isIncrement\":\"0\",\"isInsert\":\"1\",\"isList\":\"1\",\"isPk\":\"0\",\"isQuery\":\"1\",\"isRequired\":\"1\",\"javaField\":\"address\",\"javaType\":\"String\",\"list\":true,\"params\":{},\"pk\":false,\"query\":true,\"queryType\":\"EQ\",\"required\":true,\"sort\":3,\"superColumn\":false,\"tableId\":24,\"updateBy\":\"\",\"updateTime\":\"2024-07-06 00:00:36\",\"usableColumn\":false},{\"capJavaField\":\"Name\",\"columnComment\":\"景点名称\",\"columnId\":125,\"columnName\":\"name\",\"columnType\":\"varchar(50)\",\"createBy\":\"admin\",\"createTime\":\"2024-07-05 23:59:26\",\"dictType\":\"\",\"edit\":true,\"htmlType\":\"input\",\"increment\":false,\"insert\":true,\"isEdit\":\"1\",\"isIncrement\":\"0\",\"', '{\"msg\":\"操作成功\",\"code\":200}', 0, NULL, '2024-07-06 15:30:45', 15);
INSERT INTO `sys_oper_log` VALUES (195, '代码生成', 8, 'com.ruoyi.gen.controller.GenController.batchGenCode()', 'GET', 1, 'admin', NULL, '/gen/batchGenCode', '127.0.0.1', '', '{\"tables\":\"nonstarmarketingrecords,nonstarroomtypes,performancegroups,scenicareas,starhotels,starmarketingrecords,starroomtypes,complaints,diningentertainment,emergencyinfo,feedbackresults,handlingresults,nonstarhotels,reviews,nonstarhotel_reviews,starhotelreviews,nonstarbookings,starbookings,scenicspots\"}', NULL, 0, NULL, '2024-07-06 15:30:55', 1902);

-- ----------------------------
-- Table structure for sys_post
-- ----------------------------
DROP TABLE IF EXISTS `sys_post`;
CREATE TABLE `sys_post`  (
  `post_id` bigint NOT NULL AUTO_INCREMENT COMMENT '岗位ID',
  `post_code` varchar(64) CHARACTER SET utf8mb4 COLLATE utf8mb4_0900_ai_ci NOT NULL COMMENT '岗位编码',
  `post_name` varchar(50) CHARACTER SET utf8mb4 COLLATE utf8mb4_0900_ai_ci NOT NULL COMMENT '岗位名称',
  `post_sort` int NOT NULL COMMENT '显示顺序',
  `status` char(1) CHARACTER SET utf8mb4 COLLATE utf8mb4_0900_ai_ci NOT NULL COMMENT '状态（0正常 1停用）',
  `create_by` varchar(64) CHARACTER SET utf8mb4 COLLATE utf8mb4_0900_ai_ci NULL DEFAULT '' COMMENT '创建者',
  `create_time` datetime NULL DEFAULT NULL COMMENT '创建时间',
  `update_by` varchar(64) CHARACTER SET utf8mb4 COLLATE utf8mb4_0900_ai_ci NULL DEFAULT '' COMMENT '更新者',
  `update_time` datetime NULL DEFAULT NULL COMMENT '更新时间',
  `remark` varchar(500) CHARACTER SET utf8mb4 COLLATE utf8mb4_0900_ai_ci NULL DEFAULT NULL COMMENT '备注',
  PRIMARY KEY (`post_id`) USING BTREE
) ENGINE = InnoDB AUTO_INCREMENT = 5 CHARACTER SET = utf8mb4 COLLATE = utf8mb4_0900_ai_ci COMMENT = '岗位信息表' ROW_FORMAT = Dynamic;

-- ----------------------------
-- Records of sys_post
-- ----------------------------
INSERT INTO `sys_post` VALUES (1, 'ceo', '董事长', 1, '0', 'admin', '2024-07-05 20:36:44', '', NULL, '');
INSERT INTO `sys_post` VALUES (2, 'se', '项目经理', 2, '0', 'admin', '2024-07-05 20:36:44', '', NULL, '');
INSERT INTO `sys_post` VALUES (3, 'hr', '人力资源', 3, '0', 'admin', '2024-07-05 20:36:44', '', NULL, '');
INSERT INTO `sys_post` VALUES (4, 'user', '普通员工', 4, '0', 'admin', '2024-07-05 20:36:44', '', NULL, '');

-- ----------------------------
-- Table structure for sys_role
-- ----------------------------
DROP TABLE IF EXISTS `sys_role`;
CREATE TABLE `sys_role`  (
  `role_id` bigint NOT NULL AUTO_INCREMENT COMMENT '角色ID',
  `role_name` varchar(30) CHARACTER SET utf8mb4 COLLATE utf8mb4_0900_ai_ci NOT NULL COMMENT '角色名称',
  `role_key` varchar(100) CHARACTER SET utf8mb4 COLLATE utf8mb4_0900_ai_ci NOT NULL COMMENT '角色权限字符串',
  `role_sort` int NOT NULL COMMENT '显示顺序',
  `data_scope` char(1) CHARACTER SET utf8mb4 COLLATE utf8mb4_0900_ai_ci NULL DEFAULT '1' COMMENT '数据范围（1：全部数据权限 2：自定数据权限 3：本部门数据权限 4：本部门及以下数据权限）',
  `menu_check_strictly` tinyint(1) NULL DEFAULT 1 COMMENT '菜单树选择项是否关联显示',
  `dept_check_strictly` tinyint(1) NULL DEFAULT 1 COMMENT '部门树选择项是否关联显示',
  `status` char(1) CHARACTER SET utf8mb4 COLLATE utf8mb4_0900_ai_ci NOT NULL COMMENT '角色状态（0正常 1停用）',
  `del_flag` char(1) CHARACTER SET utf8mb4 COLLATE utf8mb4_0900_ai_ci NULL DEFAULT '0' COMMENT '删除标志（0代表存在 2代表删除）',
  `create_by` varchar(64) CHARACTER SET utf8mb4 COLLATE utf8mb4_0900_ai_ci NULL DEFAULT '' COMMENT '创建者',
  `create_time` datetime NULL DEFAULT NULL COMMENT '创建时间',
  `update_by` varchar(64) CHARACTER SET utf8mb4 COLLATE utf8mb4_0900_ai_ci NULL DEFAULT '' COMMENT '更新者',
  `update_time` datetime NULL DEFAULT NULL COMMENT '更新时间',
  `remark` varchar(500) CHARACTER SET utf8mb4 COLLATE utf8mb4_0900_ai_ci NULL DEFAULT NULL COMMENT '备注',
  PRIMARY KEY (`role_id`) USING BTREE
) ENGINE = InnoDB AUTO_INCREMENT = 100 CHARACTER SET = utf8mb4 COLLATE = utf8mb4_0900_ai_ci COMMENT = '角色信息表' ROW_FORMAT = Dynamic;

-- ----------------------------
-- Records of sys_role
-- ----------------------------
INSERT INTO `sys_role` VALUES (1, '超级管理员', 'admin', 1, '1', 1, 1, '0', '0', 'admin', '2024-07-05 20:36:44', '', NULL, '超级管理员');
INSERT INTO `sys_role` VALUES (2, '普通角色', 'common', 2, '2', 1, 1, '0', '0', 'admin', '2024-07-05 20:36:44', '', NULL, '普通角色');

-- ----------------------------
-- Table structure for sys_role_dept
-- ----------------------------
DROP TABLE IF EXISTS `sys_role_dept`;
CREATE TABLE `sys_role_dept`  (
  `role_id` bigint NOT NULL COMMENT '角色ID',
  `dept_id` bigint NOT NULL COMMENT '部门ID',
  PRIMARY KEY (`role_id`, `dept_id`) USING BTREE
) ENGINE = InnoDB CHARACTER SET = utf8mb4 COLLATE = utf8mb4_0900_ai_ci COMMENT = '角色和部门关联表' ROW_FORMAT = Dynamic;

-- ----------------------------
-- Records of sys_role_dept
-- ----------------------------
INSERT INTO `sys_role_dept` VALUES (2, 100);
INSERT INTO `sys_role_dept` VALUES (2, 101);
INSERT INTO `sys_role_dept` VALUES (2, 105);

-- ----------------------------
-- Table structure for sys_role_menu
-- ----------------------------
DROP TABLE IF EXISTS `sys_role_menu`;
CREATE TABLE `sys_role_menu`  (
  `role_id` bigint NOT NULL COMMENT '角色ID',
  `menu_id` bigint NOT NULL COMMENT '菜单ID',
  PRIMARY KEY (`role_id`, `menu_id`) USING BTREE
) ENGINE = InnoDB CHARACTER SET = utf8mb4 COLLATE = utf8mb4_0900_ai_ci COMMENT = '角色和菜单关联表' ROW_FORMAT = Dynamic;

-- ----------------------------
-- Records of sys_role_menu
-- ----------------------------
INSERT INTO `sys_role_menu` VALUES (2, 1);
INSERT INTO `sys_role_menu` VALUES (2, 2);
INSERT INTO `sys_role_menu` VALUES (2, 3);
INSERT INTO `sys_role_menu` VALUES (2, 4);
INSERT INTO `sys_role_menu` VALUES (2, 100);
INSERT INTO `sys_role_menu` VALUES (2, 101);
INSERT INTO `sys_role_menu` VALUES (2, 102);
INSERT INTO `sys_role_menu` VALUES (2, 103);
INSERT INTO `sys_role_menu` VALUES (2, 104);
INSERT INTO `sys_role_menu` VALUES (2, 105);
INSERT INTO `sys_role_menu` VALUES (2, 106);
INSERT INTO `sys_role_menu` VALUES (2, 107);
INSERT INTO `sys_role_menu` VALUES (2, 108);
INSERT INTO `sys_role_menu` VALUES (2, 109);
INSERT INTO `sys_role_menu` VALUES (2, 110);
INSERT INTO `sys_role_menu` VALUES (2, 111);
INSERT INTO `sys_role_menu` VALUES (2, 112);
INSERT INTO `sys_role_menu` VALUES (2, 113);
INSERT INTO `sys_role_menu` VALUES (2, 114);
INSERT INTO `sys_role_menu` VALUES (2, 115);
INSERT INTO `sys_role_menu` VALUES (2, 116);
INSERT INTO `sys_role_menu` VALUES (2, 500);
INSERT INTO `sys_role_menu` VALUES (2, 501);
INSERT INTO `sys_role_menu` VALUES (2, 1000);
INSERT INTO `sys_role_menu` VALUES (2, 1001);
INSERT INTO `sys_role_menu` VALUES (2, 1002);
INSERT INTO `sys_role_menu` VALUES (2, 1003);
INSERT INTO `sys_role_menu` VALUES (2, 1004);
INSERT INTO `sys_role_menu` VALUES (2, 1005);
INSERT INTO `sys_role_menu` VALUES (2, 1006);
INSERT INTO `sys_role_menu` VALUES (2, 1007);
INSERT INTO `sys_role_menu` VALUES (2, 1008);
INSERT INTO `sys_role_menu` VALUES (2, 1009);
INSERT INTO `sys_role_menu` VALUES (2, 1010);
INSERT INTO `sys_role_menu` VALUES (2, 1011);
INSERT INTO `sys_role_menu` VALUES (2, 1012);
INSERT INTO `sys_role_menu` VALUES (2, 1013);
INSERT INTO `sys_role_menu` VALUES (2, 1014);
INSERT INTO `sys_role_menu` VALUES (2, 1015);
INSERT INTO `sys_role_menu` VALUES (2, 1016);
INSERT INTO `sys_role_menu` VALUES (2, 1017);
INSERT INTO `sys_role_menu` VALUES (2, 1018);
INSERT INTO `sys_role_menu` VALUES (2, 1019);
INSERT INTO `sys_role_menu` VALUES (2, 1020);
INSERT INTO `sys_role_menu` VALUES (2, 1021);
INSERT INTO `sys_role_menu` VALUES (2, 1022);
INSERT INTO `sys_role_menu` VALUES (2, 1023);
INSERT INTO `sys_role_menu` VALUES (2, 1024);
INSERT INTO `sys_role_menu` VALUES (2, 1025);
INSERT INTO `sys_role_menu` VALUES (2, 1026);
INSERT INTO `sys_role_menu` VALUES (2, 1027);
INSERT INTO `sys_role_menu` VALUES (2, 1028);
INSERT INTO `sys_role_menu` VALUES (2, 1029);
INSERT INTO `sys_role_menu` VALUES (2, 1030);
INSERT INTO `sys_role_menu` VALUES (2, 1031);
INSERT INTO `sys_role_menu` VALUES (2, 1032);
INSERT INTO `sys_role_menu` VALUES (2, 1033);
INSERT INTO `sys_role_menu` VALUES (2, 1034);
INSERT INTO `sys_role_menu` VALUES (2, 1035);
INSERT INTO `sys_role_menu` VALUES (2, 1036);
INSERT INTO `sys_role_menu` VALUES (2, 1037);
INSERT INTO `sys_role_menu` VALUES (2, 1038);
INSERT INTO `sys_role_menu` VALUES (2, 1039);
INSERT INTO `sys_role_menu` VALUES (2, 1040);
INSERT INTO `sys_role_menu` VALUES (2, 1041);
INSERT INTO `sys_role_menu` VALUES (2, 1042);
INSERT INTO `sys_role_menu` VALUES (2, 1043);
INSERT INTO `sys_role_menu` VALUES (2, 1044);
INSERT INTO `sys_role_menu` VALUES (2, 1045);
INSERT INTO `sys_role_menu` VALUES (2, 1046);
INSERT INTO `sys_role_menu` VALUES (2, 1047);
INSERT INTO `sys_role_menu` VALUES (2, 1048);
INSERT INTO `sys_role_menu` VALUES (2, 1049);
INSERT INTO `sys_role_menu` VALUES (2, 1050);
INSERT INTO `sys_role_menu` VALUES (2, 1051);
INSERT INTO `sys_role_menu` VALUES (2, 1052);
INSERT INTO `sys_role_menu` VALUES (2, 1053);
INSERT INTO `sys_role_menu` VALUES (2, 1054);
INSERT INTO `sys_role_menu` VALUES (2, 1055);
INSERT INTO `sys_role_menu` VALUES (2, 1056);
INSERT INTO `sys_role_menu` VALUES (2, 1057);
INSERT INTO `sys_role_menu` VALUES (2, 1058);
INSERT INTO `sys_role_menu` VALUES (2, 1059);
INSERT INTO `sys_role_menu` VALUES (2, 1060);

-- ----------------------------
-- Table structure for sys_user
-- ----------------------------
DROP TABLE IF EXISTS `sys_user`;
CREATE TABLE `sys_user`  (
  `user_id` bigint NOT NULL AUTO_INCREMENT COMMENT '用户ID',
  `dept_id` bigint NULL DEFAULT NULL COMMENT '部门ID',
  `user_name` varchar(30) CHARACTER SET utf8mb4 COLLATE utf8mb4_0900_ai_ci NOT NULL COMMENT '用户账号',
  `nick_name` varchar(30) CHARACTER SET utf8mb4 COLLATE utf8mb4_0900_ai_ci NOT NULL COMMENT '用户昵称',
  `user_type` varchar(2) CHARACTER SET utf8mb4 COLLATE utf8mb4_0900_ai_ci NULL DEFAULT '00' COMMENT '用户类型（00系统用户）',
  `email` varchar(50) CHARACTER SET utf8mb4 COLLATE utf8mb4_0900_ai_ci NULL DEFAULT '' COMMENT '用户邮箱',
  `phonenumber` varchar(11) CHARACTER SET utf8mb4 COLLATE utf8mb4_0900_ai_ci NULL DEFAULT '' COMMENT '手机号码',
  `sex` char(1) CHARACTER SET utf8mb4 COLLATE utf8mb4_0900_ai_ci NULL DEFAULT '0' COMMENT '用户性别（0男 1女 2未知）',
  `avatar` varchar(100) CHARACTER SET utf8mb4 COLLATE utf8mb4_0900_ai_ci NULL DEFAULT '' COMMENT '头像地址',
  `password` varchar(100) CHARACTER SET utf8mb4 COLLATE utf8mb4_0900_ai_ci NULL DEFAULT '' COMMENT '密码',
  `status` char(1) CHARACTER SET utf8mb4 COLLATE utf8mb4_0900_ai_ci NULL DEFAULT '0' COMMENT '帐号状态（0正常 1停用）',
  `del_flag` char(1) CHARACTER SET utf8mb4 COLLATE utf8mb4_0900_ai_ci NULL DEFAULT '0' COMMENT '删除标志（0代表存在 2代表删除）',
  `login_ip` varchar(128) CHARACTER SET utf8mb4 COLLATE utf8mb4_0900_ai_ci NULL DEFAULT '' COMMENT '最后登录IP',
  `login_date` datetime NULL DEFAULT NULL COMMENT '最后登录时间',
  `create_by` varchar(64) CHARACTER SET utf8mb4 COLLATE utf8mb4_0900_ai_ci NULL DEFAULT '' COMMENT '创建者',
  `create_time` datetime NULL DEFAULT NULL COMMENT '创建时间',
  `update_by` varchar(64) CHARACTER SET utf8mb4 COLLATE utf8mb4_0900_ai_ci NULL DEFAULT '' COMMENT '更新者',
  `update_time` datetime NULL DEFAULT NULL COMMENT '更新时间',
  `remark` varchar(500) CHARACTER SET utf8mb4 COLLATE utf8mb4_0900_ai_ci NULL DEFAULT NULL COMMENT '备注',
  PRIMARY KEY (`user_id`) USING BTREE
) ENGINE = InnoDB AUTO_INCREMENT = 100 CHARACTER SET = utf8mb4 COLLATE = utf8mb4_0900_ai_ci COMMENT = '用户信息表' ROW_FORMAT = Dynamic;

-- ----------------------------
-- Records of sys_user
-- ----------------------------
INSERT INTO `sys_user` VALUES (1, 103, 'admin', '若依', '00', 'ry@163.com', '15888888888', '1', '', '$2a$10$7JB720yubVSZvUI0rEqK/.VqGOZTH.ulu33dHOiBE8ByOhJIrdAu2', '0', '0', '127.0.0.1', '2024-07-05 20:36:44', 'admin', '2024-07-05 20:36:44', '', NULL, '管理员');
INSERT INTO `sys_user` VALUES (2, 105, 'ry', '若依', '00', 'ry@qq.com', '15666666666', '1', '', '$2a$10$7JB720yubVSZvUI0rEqK/.VqGOZTH.ulu33dHOiBE8ByOhJIrdAu2', '0', '0', '127.0.0.1', '2024-07-05 20:36:44', 'admin', '2024-07-05 20:36:44', '', NULL, '测试员');

-- ----------------------------
-- Table structure for sys_user_post
-- ----------------------------
DROP TABLE IF EXISTS `sys_user_post`;
CREATE TABLE `sys_user_post`  (
  `user_id` bigint NOT NULL COMMENT '用户ID',
  `post_id` bigint NOT NULL COMMENT '岗位ID',
  PRIMARY KEY (`user_id`, `post_id`) USING BTREE
) ENGINE = InnoDB CHARACTER SET = utf8mb4 COLLATE = utf8mb4_0900_ai_ci COMMENT = '用户与岗位关联表' ROW_FORMAT = Dynamic;

-- ----------------------------
-- Records of sys_user_post
-- ----------------------------
INSERT INTO `sys_user_post` VALUES (1, 1);
INSERT INTO `sys_user_post` VALUES (2, 2);

-- ----------------------------
-- Table structure for sys_user_role
-- ----------------------------
DROP TABLE IF EXISTS `sys_user_role`;
CREATE TABLE `sys_user_role`  (
  `user_id` bigint NOT NULL COMMENT '用户ID',
  `role_id` bigint NOT NULL COMMENT '角色ID',
  PRIMARY KEY (`user_id`, `role_id`) USING BTREE
) ENGINE = InnoDB CHARACTER SET = utf8mb4 COLLATE = utf8mb4_0900_ai_ci COMMENT = '用户和角色关联表' ROW_FORMAT = Dynamic;

-- ----------------------------
-- Records of sys_user_role
-- ----------------------------
INSERT INTO `sys_user_role` VALUES (1, 1);
INSERT INTO `sys_user_role` VALUES (2, 2);

SET FOREIGN_KEY_CHECKS = 1;
